sofifaId,nombre,url,fotoUrl,puestos,nacionalidades,equipo,equipoId,contratoDesde,contratoHasta,Edad,Valoración general,Potencial,Año de nacimiento,Altura,Peso,foot,Mejor posición,Prog.,Fecha de finalización del préstamo,Salario,Valor,Cláusula de rescisión,Reputación internacional,Cara real,Club kit number
"183898","Ángel Di María","https://sofifa.com/player/183898/angel-di-maria/270002/","https://cdn.sofifa.net/players/183/898/27_120.png","ED/MD/MCO/DC","Argentina/Italia","Rosario Central","110580","2025","2027","38","82","87","1988","180cm 5'11""","69kg 152lbs","Izq.","MCO","5","N/A","€21K","€21M","€33.1M","3","Sí","11"
"207439","Leandro Paredes","https://sofifa.com/player/207439/leandro-paredes/270002/","https://cdn.sofifa.net/players/207/439/27_120.png","MC/MCD","Argentina","Boca Juniors","1877","2025","2028","32","81","81","1994","182cm 6'0""","75kg 165lbs","Der.","MC","0","N/A","€28K","€20M","€28M","3","Sí","5"
"232665","Mauro Arambarri","https://sofifa.com/player/232665/mauro-arambarri/270002/","https://cdn.sofifa.net/players/232/665/27_120.png","MC/MCD","Uruguay/España","River Plate","1876","2026","2028","30","80","80","1995","175cm 5'9""","71kg 157lbs","Der.","MC","0","N/A","€26K","€20M","€28M","1","Sí","8"
"215270","Lucas Zelarayán","https://sofifa.com/player/215270/lucas-zelarayan/270002/","https://cdn.sofifa.net/players/215/270/27_120.png","MCO/DC/MC","Armenia/Argentina","Belgrano de Córdoba","111022","2025","2027","34","80","80","1992","173cm 5'8""","73kg 161lbs","Der.","MCO","0","N/A","€23K","€10M","€15M","2","Sí","10"
"192366","Nicolás Otamendi","https://sofifa.com/player/192366/nicolas-otamendi/270002/","https://cdn.sofifa.net/players/192/366/27_120.png","DFC","Argentina","River Plate","1876","2026","2026","38","78","86","1988","183cm 6'0""","78kg 172lbs","Der.","DFC","8","N/A","€16K","€17.5M","€28M","3","Sí","30"
"214997","Ángel Correa","https://sofifa.com/player/214997/angel-correa/270002/","https://cdn.sofifa.net/players/214/997/27_120.png","MCO/EI/DC/MI","Argentina/España","River Plate","1876","2026","2029","31","78","83","1995","171cm 5'7""","70kg 154lbs","Der.","SD","5","N/A","€23K","€16.5M","€24.3M","3","Sí","10"
"245055","Aníbal Moreno","https://sofifa.com/player/245055/anibal-moreno/270002/","https://cdn.sofifa.net/players/245/055/27_120.png","MCD/MC","Argentina","River Plate","1876","2026","2026","27","78","78","1999","178cm 5'10""","73kg 161lbs","Der.","MCD","0","N/A","€21K","€13M","€18.2M","1","No","6"
"245371","Thiago Almada","https://sofifa.com/player/245371/thiago-almada/270002/","https://cdn.sofifa.net/players/245/371/27_120.png","MCO/MI/MD/MC/EI/ED","Argentina/Italia","River Plate","1876","2026","2027","25","78","83","2001","171cm 5'7""","63kg 139lbs","Der.","MCO","5","N/A","€21K","€20.5M","€30.2M","3","No","23"
"182494","Fernando Muslera","https://sofifa.com/player/182494/fernando-muslera/270002/","https://cdn.sofifa.net/players/182/494/27_120.png","POR","Uruguay/Italia","Estudiantes de La Plata","101083","2025","2026","40","78","83","1986","190cm 6'3""","74kg 163lbs","Der.","POR","5","N/A","€10K","€6.5M","€10.2M","3","No","16"
"235467","Marcelino Moreno","https://sofifa.com/player/235467/marcelino-moreno/270002/","https://cdn.sofifa.net/players/235/467/27_120.png","MCO/DC","Argentina","Lanús","110395","2024","2026","31","78","78","1995","168cm 5'6""","65kg 143lbs","Der.","MCO","0","N/A","€22K","€11.5M","€17.3M","1","No","10"
"228819","Matías Vargas","https://sofifa.com/player/228819/matias-vargas/270002/","https://cdn.sofifa.net/players/228/819/27_120.png","MI/DC/MCO/EI","Argentina","Gimnasia y Esgrima de Mendoza","113050","2026","2031","29","78","78","1997","168cm 5'6""","66kg 146lbs","Der.","MI","0","N/A","€16K","€14M","€20.3M","1","No","8"
"231340","Gonzalo Montiel","https://sofifa.com/player/231340/gonzalo-montiel/270002/","https://cdn.sofifa.net/players/231/340/27_120.png","LD/MD","Argentina/España","River Plate","1876","2025","2028","29","77","79","1997","175cm 5'9""","70kg 154lbs","Der.","LD","2","N/A","€20K","€11M","€16.2M","1","Sí","29"
"232244","Santiago Ascacíbar","https://sofifa.com/player/232244/santiago-ascacibar/270002/","https://cdn.sofifa.net/players/232/244/27_120.png","MCD/MC/MD/ED","Argentina/Italia","Boca Juniors","1877","2026","2029","29","77","78","1997","169cm 5'7""","68kg 150lbs","Der.","MCD","1","N/A","€20K","€10M","€14.8M","1","Sí","25"
"233959","Sebastián Villa","https://sofifa.com/player/233959/sebastian-villa/270002/","https://cdn.sofifa.net/players/233/959/27_120.png","DC/MI/EI/MCO","Colombia","Boca Juniors","1877","2026","2030","30","77","78","1996","179cm 5'10""","71kg 157lbs","Der.","DC","1","N/A","€23K","€11M","€16.2M","1","Sí","22"
"253242","Adrián Martínez","https://sofifa.com/player/253242/adrian-martinez/270002/","https://cdn.sofifa.net/players/253/242/27_120.png","DC","Argentina","Racing Club","101085","2024","2028","33","77","78","1992","176cm 5'9""","89kg 196lbs","Izq.","DC","1","N/A","€23K","€7.5M","€11.8M","1","Sí","9"
"225289","Nicolás Fernández","https://sofifa.com/player/225289/nicolas-fernandez/270002/","https://cdn.sofifa.net/players/225/289/27_120.png","DC","Argentina","Belgrano de Córdoba","111022","2024","2027","30","77","77","1996","166cm 5'5""","73kg 161lbs","Der.","DC","0","N/A","€20K","€10.5M","€15.8M","1","No","22"
"226671","Federico Fattori","https://sofifa.com/player/226671/federico-fattori/270002/","https://cdn.sofifa.net/players/226/671/27_120.png","MCD/MC","Argentina","Talleres","112670","2026","2029","33","77","77","1992","177cm 5'10""","70kg 154lbs","Der.","MCD","0","N/A","€16K","€5M","€7.5M","1","No","8"
"221125","Sebastián Driussi","https://sofifa.com/player/221125/sebastian-driussi/270002/","https://cdn.sofifa.net/players/221/125/27_120.png","DC/MCO","Argentina/Italia","River Plate","1876","2025","2026","30","76","79","1996","178cm 5'10""","80kg 176lbs","Der.","SD","3","N/A","€22K","€9M","€13.3M","2","No","9"
"224334","Marcos Acuña","https://sofifa.com/player/224334/marcos-acuna/270002/","https://cdn.sofifa.net/players/224/334/27_120.png","LI/MI","Argentina","River Plate","1876","2024","2027","34","76","85","1991","172cm 5'8""","69kg 152lbs","Izq.","MI","9","N/A","€19K","€11M","€17.6M","3","Sí","21"
"228708","Lucas Martínez Quarta","https://sofifa.com/player/228708/lucas-martinez-quarta/270002/","https://cdn.sofifa.net/players/228/708/27_120.png","DFC","Argentina/Italia","River Plate","1876","2025","2028","30","76","77","1996","183cm 6'0""","78kg 172lbs","Der.","DFC","1","N/A","€19K","€7M","€10.3M","2","Sí","28"
"262240","Tomás Galván","https://sofifa.com/player/262240/tomas-galvan/270002/","https://cdn.sofifa.net/players/262/240/27_120.png","MCO/MI/MC/EI","Argentina","River Plate","1876","2021","2028","26","76","77","2000","172cm 5'8""","66kg 146lbs","Der.","MCO","1","N/A","€19K","€9M","€13.3M","1","No","26"
"229541","Álvaro Montero","https://sofifa.com/player/229541/alvaro-montero/270002/","https://cdn.sofifa.net/players/229/541/27_120.png","POR","Colombia","Boca Juniors","1877","2026","2030","31","76","76","1995","196cm 6'5""","85kg 187lbs","Der.","POR","0","N/A","€13K","€4M","€5.6M","1","No","1"
"240663","Miguel Ángel Merentiel","https://sofifa.com/player/240663/miguel-angel-merentiel/270002/","https://cdn.sofifa.net/players/240/663/27_120.png","DC","Uruguay/Argentina","Boca Juniors","1877","2024","2026","30","76","77","1996","179cm 5'10""","70kg 154lbs","Der.","DC","1","N/A","€22K","€8M","€11.8M","1","Sí","16"
"257185","Lautaro Blanco","https://sofifa.com/player/257185/lautaro-blanco/270002/","https://cdn.sofifa.net/players/257/185/27_120.png","LI/MI","Argentina","Boca Juniors","1877","2024","2029","27","76","77","1999","176cm 5'9""","81kg 179lbs","Izq.","LI","1","N/A","€18K","€8M","€11.8M","1","Sí","3"
"266844","Leandro Lozano","https://sofifa.com/player/266844/leandro-lozano/270002/","https://cdn.sofifa.net/players/266/844/27_120.png","LD/MD","Uruguay","Boca Juniors","1877","2026","2030","27","76","77","1998","170cm 5'7""","70kg 154lbs","Der.","LD","1","N/A","€18K","€8M","€11.8M","1","No","17"
"272723","Lautaro Di Lollo","https://sofifa.com/player/272723/lautaro-di-lollo/270002/","https://cdn.sofifa.net/players/272/723/27_120.png","DFC","Argentina/Italia","Boca Juniors","1877","2024","2029","22","76","81","2004","188cm 6'2""","86kg 190lbs","Der.","DFC","5","N/A","€16K","€10.5M","€15.5M","1","No","2"
"215334","Guido Carrillo","https://sofifa.com/player/215334/guido-carrillo/270002/","https://cdn.sofifa.net/players/215/334/27_120.png","DC","Argentina/Italia","Estudiantes de La Plata","101083","2023","2026","35","76","76","1991","187cm 6'2""","86kg 190lbs","Der.","DC","0","N/A","€15K","€3.2M","€4.8M","1","Sí","9"
"261015","Tiago Palacios","https://sofifa.com/player/261015/tiago-palacios/270002/","https://cdn.sofifa.net/players/261/015/27_120.png","MD/MCO/ED/DC","Uruguay/Argentina","Estudiantes de La Plata","101083","2024","2027","25","76","79","2001","167cm 5'6""","67kg 148lbs","Izq.","MD","3","N/A","€17K","€10M","€15.8M","1","No","10"
"188988","Manuel Lanzini","https://sofifa.com/player/188988/manuel-lanzini/270002/","https://cdn.sofifa.net/players/188/988/27_120.png","MCO/MI/MC/EI","Argentina/Italia","Vélez Sarsfield","101088","2025","2026","33","76","81","1993","170cm 5'7""","69kg 152lbs","Der.","MCO","5","N/A","€17K","€7.5M","€11.8M","1","Sí","22"
"222418","Nahuel Losada","https://sofifa.com/player/222418/nahuel-losada/270002/","https://cdn.sofifa.net/players/222/418/27_120.png","POR","Argentina/Polonia","Lanús","110395","2024","2027","33","76","76","1993","188cm 6'2""","86kg 190lbs","Der.","POR","0","N/A","€12K","€2.4M","€3.6M","1","No","26"
"238230","Jaminton Campaz","https://sofifa.com/player/238230/jaminton-campaz/270002/","https://cdn.sofifa.net/players/238/230/27_120.png","MI/MCO/EI/MC","Colombia","Rosario Central","110580","2024","2026","26","76","77","2000","168cm 5'6""","68kg 150lbs","Izq.","MI","1","N/A","€16K","€9M","€14.2M","1","No","8"
"273843","Alex Arce","https://sofifa.com/player/273843/alex-arce/270002/","https://cdn.sofifa.net/players/273/843/27_120.png","DC","Paraguay","Independiente Rivadavia","111020","2025","2028","31","76","76","1995","187cm 6'2""","80kg 176lbs","Der.","DC","0","N/A","€20K","€6.5M","€9.8M","1","No","9"
"223097","Franco Cristaldo","https://sofifa.com/player/223097/franco-cristaldo/270002/","https://cdn.sofifa.net/players/223/097/27_120.png","MCO/MC/MI/MCD/EI","Argentina/Paraguay","Talleres","112670","2026","2026","29","76","76","1996","170cm 5'7""","69kg 152lbs","Der.","MCO","0","N/A","€16K","€7.5M","€11.3M","1","No","19"
"72745","Lautaro Rivero","https://sofifa.com/player/72745/lautaro-rivero/270002/","https://cdn.sofifa.net/players/072/745/27_120.png","DFC/LI","Argentina","River Plate","1876","2023","2029","22","75","82","2003","185cm 6'1""","80kg 176lbs","Izq.","DFC","7","N/A","€15K","€10.5M","€16.8M","1","No","13"
"220883","Rafael Santos Borré","https://sofifa.com/player/220883/rafael-santos-borre/270002/","https://cdn.sofifa.net/players/220/883/27_120.png","DC/MCO","Colombia","River Plate","1876","2026","2029","30","75","79","1995","174cm 5'9""","70kg 154lbs","Der.","DC","4","N/A","€21K","€7M","€10.3M","2","No","19"
"246258","Lucas Beltrán","https://sofifa.com/player/246258/lucas-beltran/270002/","https://cdn.sofifa.net/players/246/258/27_120.png","DC/MCO/MI/EI","Argentina/Italia","River Plate","1876","","","25","75","79","2001","174cm 5'9""","75kg 165lbs","Der.","SD","4","30 jun. 2027","€31K","€8M","€0","1","Sí","18"
"201095","Agustín Marchesín","https://sofifa.com/player/201095/agustin-marchesin/270002/","https://cdn.sofifa.net/players/201/095/27_120.png","POR","Argentina/Italia","Boca Juniors","1877","2025","2026","38","75","82","1988","188cm 6'2""","85kg 187lbs","Der.","POR","7","N/A","€7K","€5.5M","€8.8M","1","Sí","39"
"246690","Adam Bareiro","https://sofifa.com/player/246690/adam-bareiro/270002/","https://cdn.sofifa.net/players/246/690/27_120.png","DC","Paraguay/Argentina","Boca Juniors","1877","2026","2028","29","75","75","1996","180cm 5'11""","82kg 181lbs","Der.","DC","0","N/A","€21K","€5.5M","€7.7M","1","No","28"
"199669","Leandro González Pirez","https://sofifa.com/player/199669/leandro-gonzalez-pirez/270002/","https://cdn.sofifa.net/players/199/669/27_120.png","DFC","Argentina/Portugal","Estudiantes de La Plata","101083","2025","2027","34","75","77","1992","185cm 6'1""","89kg 196lbs","Der.","DFC","2","N/A","€17K","€2.6M","€4.1M","1","Sí","14"
"253287","Gabriel Neves","https://sofifa.com/player/253287/gabriel-neves/270002/","https://cdn.sofifa.net/players/253/287/27_120.png","MCD/MC","Uruguay","Estudiantes de La Plata","101083","2024","2027","28","75","75","1997","171cm 5'7""","67kg 148lbs","Der.","MCD","0","N/A","€17K","€4.9M","€7.4M","1","Sí","8"
"251132","Ezequiel Piovi","https://sofifa.com/player/251132/ezequiel-piovi/270002/","https://cdn.sofifa.net/players/251/132/27_120.png","MCD/MC","Argentina/España","Estudiantes de La Plata","101083","2025","2028","33","75+1","75+1","1992","170cm 5'7""","71kg 157lbs","Der.","MCD","0","N/A","€17K","€2.8M","€4.2M","1","No","21"
"232645","Facundo Cambeses","https://sofifa.com/player/232645/facundo-cambeses/270002/","https://cdn.sofifa.net/players/232/645/27_120.png","POR","Argentina/Italia","Racing Club","101085","2024","2026","29","75","77","1997","186cm 6'1""","85kg 187lbs","Der.","POR","2","N/A","€12K","€4.7M","€7.4M","1","No","25"
"242342","Gastón Lódico","https://sofifa.com/player/242342/gaston-lodico/270002/","https://cdn.sofifa.net/players/242/342/27_120.png","MC/MCD/MI/EI","Argentina","Racing Club","101085","2026","2029","28","75","75","1998","173cm 5'8""","63kg 139lbs","Der.","MCO","0","N/A","€19K","€5.5M","€8.3M","1","No","20"
"213597","Diego Valdés","https://sofifa.com/player/213597/diego-valdes/270002/","https://cdn.sofifa.net/players/213/597/27_120.png","MCO/MC","Chile","Vélez Sarsfield","101088","2025","2026","32","75+1","77+2","1994","179cm 5'10""","75kg 165lbs","Der.","MCO","2","N/A","€16K","€5.5M","€8.7M","1","No","10"
"259273","Tomás Marchiori","https://sofifa.com/player/259273/tomas-marchiori/270002/","https://cdn.sofifa.net/players/259/273/27_120.png","POR","Argentina/Italia","Vélez Sarsfield","101088","2024","2029","31","75","77","1995","186cm 6'1""","84kg 185lbs","Der.","POR","2","N/A","€10K","€3.8M","€6M","1","No","1"
"221053","Elías Gómez","https://sofifa.com/player/221053/elias-gomez/270002/","https://cdn.sofifa.net/players/221/053/27_120.png","LI/MI","Argentina","Vélez Sarsfield","101088","2023","2028","32","75","76+1","1994","175cm 5'9""","70kg 154lbs","Izq.","LI","1","N/A","€15K","€4.4M","€6.9M","1","No","3"
"215069","Rodrigo Rey","https://sofifa.com/player/215069/rodrigo-rey/270002/","https://cdn.sofifa.net/players/215/069/27_120.png","POR","Argentina/Italia","Independiente","110093","2022","2026","35","75","78","1991","190cm 6'3""","78kg 172lbs","Der.","POR","3","N/A","€5K","€1.8M","€2.8M","1","Sí","33"
"219174","Ramiro Carrera","https://sofifa.com/player/219174/ramiro-carrera/270002/","https://cdn.sofifa.net/players/219/174/27_120.png","MI/MC/MCD/LI","Argentina","Lanús","110395","2024","2026","32","75","75","1993","182cm 6'0""","77kg 170lbs","Der.","MI","0","N/A","€18K","€4.5M","€6.8M","1","No","23"
"219522","Conan Ledesma","https://sofifa.com/player/219522/conan-ledesma/270002/","https://cdn.sofifa.net/players/219/522/27_120.png","POR","Argentina/Italia","Rosario Central","110580","","","33","75","82","1993","183cm 6'0""","84kg 185lbs","Der.","POR","7","31 dic. 2026","€12K","€6.5M","€0","3","Sí","23"
"254695","Franco Ibarra","https://sofifa.com/player/254695/franco-ibarra/270002/","https://cdn.sofifa.net/players/254/695/27_120.png","MCD/MC/DFC","Argentina","Rosario Central","110580","2025","2027","25","75","78","2001","175cm 5'9""","69kg 152lbs","Der.","MCD","3","N/A","€14K","€6.5M","€10.2M","1","No","5"
"70441","Alex Luna","https://sofifa.com/player/70441/alex-luna/270002/","https://cdn.sofifa.net/players/070/441/27_120.png","MCO/DC/EI/MC/MI","Argentina","Instituto Atlético Central Córdoba","110953","2026","2029","22","75","83","2004","174cm 5'9""","71kg 157lbs","Der.","MCO","8","N/A","€11K","€12.5M","€21.3M","1","No","10"
"242569","Francisco Álvarez","https://sofifa.com/player/242569/francisco-alvarez/270002/","https://cdn.sofifa.net/players/242/569/27_120.png","DFC","Argentina","Argentinos Juniors","111019","2024","2029","26","75","78","2000","180cm 5'11""","74kg 163lbs","Der.","DFC","3","N/A","€13K","€6.5M","€10.2M","1","No","16"
"248231","Hernán López Muñoz","https://sofifa.com/player/248231/hernan-lopez-munoz/270002/","https://cdn.sofifa.net/players/248/231/27_120.png","MCO/ED/MD/MC","Argentina","Argentinos Juniors","111019","","","25","75","77","2000","168cm 5'6""","67kg 148lbs","Izq.","MCO","2","31 dic. 2026","€9K","€7M","€0","1","No","8"
"244205","Maximiliano Salas","https://sofifa.com/player/244205/maximiliano-salas/270002/","https://cdn.sofifa.net/players/244/205/27_120.png","DC/MCO","Argentina","Independiente Rivadavia","111020","","","28","75","76","1997","174cm 5'9""","82kg 181lbs","Izq.","DC","1","30 jun. 2027","€21K","€6M","€0","1","Sí","17"
"207471","Franco Vázquez","https://sofifa.com/player/207471/franco-vazquez/270002/","https://cdn.sofifa.net/players/207/471/27_120.png","MCO/DC/MCD/MC","Argentina/Italia","Belgrano de Córdoba","111022","2026","2027","37","75","82","1989","187cm 6'2""","82kg 181lbs","Izq.","MC","7","N/A","€12K","€6.5M","€11.1M","1","Sí","20"
"178562","Éver Banega","https://sofifa.com/player/178562/ever-banega/270002/","https://cdn.sofifa.net/players/178/562/27_120.png","MC/MCD/MCO/DFC","Argentina/España","Defensa y Justicia","111710","2026","2026","38","75-1","84","1988","176cm 5'9""","78kg 172lbs","Der.","MC","9","N/A","€12K","€8M","€13.6M","2","Sí","99"
"226797","Víctor Ignacio Malcorra","https://sofifa.com/player/226797/victor-ignacio-malcorra/270002/","https://cdn.sofifa.net/players/226/797/27_120.png","MC/MCO","Argentina","Club Atlético Unión","111716","2026","2027","38","75","76","1987","171cm 5'7""","74kg 163lbs","Izq.","MCO","1","N/A","€10K","€2.3M","€3.6M","1","Sí","10"
"222511","Ezequiel Unsain","https://sofifa.com/player/222511/ezequiel-unsain/270002/","https://cdn.sofifa.net/players/222/511/27_120.png","POR","Argentina","Talleres","112670","2026","2029","31","75","77","1995","188cm 6'2""","83kg 183lbs","Der.","POR","2","N/A","€9K","€3.8M","€6M","1","No","32"
"268621","Gastón Hernández","https://sofifa.com/player/268621/gaston-hernandez/270002/","https://cdn.sofifa.net/players/268/621/27_120.png","DFC","Argentina/España","San Lorenzo de Almagro","1013","2022","2027","28","74","76","1998","185cm 6'1""","76kg 168lbs","Der.","DFC","2","N/A","€14K","€4.2M","€6.6M","1","No","23"
"236441","Fabricio Bustos","https://sofifa.com/player/236441/fabricio-bustos/270002/","https://cdn.sofifa.net/players/236/441/27_120.png","LD/MD/ED","Argentina","River Plate","1876","2024","2027","30","74","77","1996","167cm 5'6""","70kg 154lbs","Der.","LD","3","N/A","€17K","€4.5M","€6.6M","1","Sí","98"
"242249","Fausto Vera","https://sofifa.com/player/242249/fausto-vera/270002/","https://cdn.sofifa.net/players/242/249/27_120.png","MCD/MC/DFC","Argentina","River Plate","1876","2026","2026","26","74","75","2000","180cm 5'11""","75kg 165lbs","Der.","MCD","1","N/A","€16K","€4.4M","€6.5M","1","No","15"
"72006","Milton Delgado","https://sofifa.com/player/72006/milton-delgado/270002/","https://cdn.sofifa.net/players/072/006/27_120.png","MC/MCD","Argentina","Boca Juniors","1877","2024","2028","21","74+1","82","2005","166cm 5'5""","63kg 139lbs","Der.","MCD","8","N/A","€13K","€9.5M","€15.2M","1","No","18"
"219576","Rodrigo Battaglia","https://sofifa.com/player/219576/rodrigo-battaglia/270002/","https://cdn.sofifa.net/players/219/576/27_120.png","MCD/DFC/MC","Argentina/Italia","Boca Juniors","1877","2025","2026","34","74","79","1991","188cm 6'2""","79kg 174lbs","Der.","MCD","5","N/A","€17K","€3M","€4.4M","1","No","6"
"258746","Malcom Braida","https://sofifa.com/player/258746/malcom-braida/270002/","https://cdn.sofifa.net/players/258/746/27_120.png","MI/LI","Argentina/Italia","Boca Juniors","1877","2025","2028","29","74","76","1997","176cm 5'9""","72kg 159lbs","Der.","MI","2","N/A","€18K","€4.8M","€7.1M","1","Sí","27"
"261097","Ayrton Costa","https://sofifa.com/player/261097/ayrton-costa/270002/","https://cdn.sofifa.net/players/261/097/27_120.png","DFC","Argentina","Boca Juniors","1877","2025","2028","26","74","77","1999","179cm 5'10""","73kg 161lbs","Izq.","DFC","3","N/A","€16K","€4.9M","€7.2M","1","Sí","32"
"215330","Joaquín Correa","https://sofifa.com/player/215330/joaquin-correa/270002/","https://cdn.sofifa.net/players/215/330/27_120.png","DC/MCO","Argentina/Italia","Estudiantes de La Plata","101083","2026","2028","31","74+1","81","1994","189cm 6'2""","76kg 168lbs","Der.","MCO","7","N/A","€18K","€7M","€11.9M","1","Sí","32"
"242426","Edwuin Cetré","https://sofifa.com/player/242426/edwuin-cetre/270002/","https://cdn.sofifa.net/players/242/426/27_120.png","MI/EI/ED","Colombia","Estudiantes de La Plata","101083","2024","2028","28","74","75","1998","171cm 5'7""","76kg 168lbs","Der.","MI","1","N/A","€16K","€4.6M","€7.2M","1","No","18"
"267602","Gastón Benedetti","https://sofifa.com/player/267602/gaston-benedetti/270002/","https://cdn.sofifa.net/players/267/602/27_120.png","LI/MI","Argentina","Estudiantes de La Plata","101083","2021","2027","25","74","77","2001","175cm 5'9""","67kg 148lbs","Izq.","LI","3","N/A","€14K","€5M","€7.9M","1","No","13"
"269934","Santiago Núñez","https://sofifa.com/player/269934/santiago-nunez/270002/","https://cdn.sofifa.net/players/269/934/27_120.png","DFC","Argentina","Estudiantes de La Plata","101083","2025","2028","26","74","76","2000","186cm 6'1""","86kg 190lbs","Der.","DFC","2","N/A","€15K","€4.6M","€7.2M","1","No","4"
"237576","Nelson Insfrán","https://sofifa.com/player/237576/nelson-insfran/270002/","https://cdn.sofifa.net/players/237/576/27_120.png","POR","Argentina","Gimnasia y Esgrima La Plata","101084","2018","2026","31","74","74","1995","179cm 5'10""","83kg 183lbs","Der.","POR","0","N/A","€9K","€2.2M","€3.3M","1","No","23"
"247131","Alfonso Espino","https://sofifa.com/player/247131/alfonso-espino/270002/","https://cdn.sofifa.net/players/247/131/27_120.png","LI/MI/MC/EI","Uruguay/España","Racing Club","101085","2026","2028","34","74","78","1992","172cm 5'8""","71kg 157lbs","Izq.","LI","4","N/A","€17K","€2.7M","€4.3M","1","Sí","18"
"260233","Marco Di Cesare","https://sofifa.com/player/260233/marco-di-cesare/270002/","https://cdn.sofifa.net/players/260/233/27_120.png","DFC","Argentina/Italia","Racing Club","101085","2024","2027","24","74","80","2002","186cm 6'1""","86kg 190lbs","Der.","DFC","6","N/A","€14K","€6M","€10.2M","1","Sí","3"
"269867","Lautaro Díaz","https://sofifa.com/player/269867/lautaro-diaz/270002/","https://cdn.sofifa.net/players/269/867/27_120.png","DC/ED/MCO/MD","Argentina","Racing Club","101085","2026","2031","28","74","74","1998","181cm 5'11""","73kg 161lbs","Der.","DC","0","N/A","€19K","€4.3M","€6.5M","1","No","32"
"256524","Joaquín García","https://sofifa.com/player/256524/joaquin-garcia/270002/","https://cdn.sofifa.net/players/256/524/27_120.png","LD/MD","Argentina","Vélez Sarsfield","101088","2019","2027","24","74","77","2001","182cm 6'0""","76kg 168lbs","Der.","LD","3","N/A","€12K","€5.5M","€8.7M","1","No","4"
"221551","Emanuel Mammana","https://sofifa.com/player/221551/emanuel-mammana/270002/","https://cdn.sofifa.net/players/221/551/27_120.png","DFC","Argentina","Vélez Sarsfield","101088","2024","2028","30","74-1","77","1996","183cm 6'0""","72kg 159lbs","Der.","DFC","3","N/A","€14K","€4.4M","€6.9M","1","No","2"
"233029","Rodrigo Aliendro","https://sofifa.com/player/233029/rodrigo-aliendro/270002/","https://cdn.sofifa.net/players/233/029/27_120.png","MCD/MC","Argentina","Vélez Sarsfield","101088","2025","2027","35","74+1","78","1991","173cm 5'8""","72kg 159lbs","Der.","MCD","4","N/A","€10K","€2.4M","€3.8M","1","No","29"
"235008","Lucas Robertone","https://sofifa.com/player/235008/lucas-robertone/270002/","https://cdn.sofifa.net/players/235/008/27_120.png","MCD/MC/DFC","Argentina/Italia","Vélez Sarsfield","101088","","","29","74+1","79","1997","173cm 5'8""","70kg 154lbs","Der.","MCD","5","31 dic. 2026","€10K","€5M","€0","1","Sí","8"
"255925","Santiago Montiel","https://sofifa.com/player/255925/santiago-montiel/270002/","https://cdn.sofifa.net/players/255/925/27_120.png","MD/MI/MCO/ED/EI","Argentina","Independiente","110093","2024","2027","25","74","77","2000","166cm 5'5""","60kg 132lbs","Izq.","MD","3","N/A","€12K","€5.5M","€8.7M","1","No","7"
"190972","Eduardo Salvio","https://sofifa.com/player/190972/eduardo-salvio/270002/","https://cdn.sofifa.net/players/190/972/27_120.png","MD/MI/ED/EI","Argentina","Lanús","110395","2024","2027","35","74","81","1990","173cm 5'8""","71kg 157lbs","Der.","MD","7","N/A","€12K","€5.5M","€9.4M","1","No","11"
"214766","Carlos Izquierdoz","https://sofifa.com/player/214766/carlos-izquierdoz/270002/","https://cdn.sofifa.net/players/214/766/27_120.png","DFC","Argentina/Italia","Lanús","110395","2024","2027","37","74","79","1988","185cm 6'1""","88kg 194lbs","Der.","DFC","5","N/A","€12K","€2.3M","€3.6M","1","No","24"
"261262","Sasha Marcich","https://sofifa.com/player/261262/sasha-marcich/270002/","https://cdn.sofifa.net/players/261/262/27_120.png","LI","Argentina/Croacia","Lanús","110395","2025","2027","28","74","74","1998","175cm 5'9""","74kg 163lbs","Izq.","LI","0","N/A","€16K","€3.8M","€5.7M","1","No","6"
"248207","Facundo Mallo","https://sofifa.com/player/248207/facundo-mallo/270002/","https://cdn.sofifa.net/players/248/207/27_120.png","DFC","Uruguay","Rosario Central","110580","2023","2026","31","74","74","1995","186cm 6'1""","81kg 179lbs","Der.","DFC","0","N/A","€14K","€2.9M","€4.4M","1","No","15"
"215086","Brayan Cortés","https://sofifa.com/player/215086/brayan-cortes/270002/","https://cdn.sofifa.net/players/215/086/27_120.png","POR","Chile","Argentinos Juniors","111019","2018","2027","31","74","75","1995","186cm 6'1""","88kg 194lbs","Der.","POR","1","N/A","€8K","€2.6M","€4.1M","1","No","25"
"223105","Nicolás Oroz","https://sofifa.com/player/223105/nicolas-oroz/270002/","https://cdn.sofifa.net/players/223/105/27_120.png","MC/MD/MCD/ED","Argentina","Argentinos Juniors","111019","2024","2027","32","74","74","1994","171cm 5'7""","71kg 157lbs","Izq.","MC","0","N/A","€13K","€3.3M","€5M","1","No","11"
"75117","Sheyko Studer","https://sofifa.com/player/75117/sheyko-studer/270002/","https://cdn.sofifa.net/players/075/117/27_120.png","DFC","Argentina","Independiente Rivadavia","111020","2026","2028","23","74+1","81+2","2002","192cm 6'4""","89kg 196lbs","Der.","DFC","7","N/A","€13K","€8M","€13.6M","1","No","42"
"253249","José Florentín","https://sofifa.com/player/253249/jose-florentin/270002/","https://cdn.sofifa.net/players/253/249/27_120.png","MCD/MC","Paraguay","Independiente Rivadavia","111020","2026","2027","29","74+1","74+1","1996","184cm 6'0""","79kg 174lbs","Izq.","MCD","0","N/A","€16K","€3.6M","€5.4M","1","No","25"
"215259","Emiliano Rigoni","https://sofifa.com/player/215259/emiliano-rigoni/270002/","https://cdn.sofifa.net/players/215/259/27_120.png","MD/MI/ED/EI","Argentina/Italia","Belgrano de Córdoba","111022","2026","2027","33","74","79","1993","180cm 5'11""","74kg 163lbs","Izq.","MD","5","N/A","€15K","€4.1M","€6.5M","1","No","24"
"224854","Lucas Passerini","https://sofifa.com/player/224854/lucas-passerini/270002/","https://cdn.sofifa.net/players/224/854/27_120.png","DC","Argentina/Chile","Belgrano de Córdoba","111022","2023","2026","31","74","74","1994","189cm 6'2""","82kg 181lbs","Der.","DC","0","N/A","€16K","€3.6M","€5.4M","1","No","9"
"240640","Leonardo Morales","https://sofifa.com/player/240640/leonardo-morales/270002/","https://cdn.sofifa.net/players/240/640/27_120.png","DFC/LD/MCD","Argentina","Belgrano de Córdoba","111022","2025","2027","35","74","74","1991","180cm 5'11""","72kg 159lbs","Der.","DFC","0","N/A","€11K","€1.1M","€1.7M","1","No","14"
"253271","Thiago Cardozo","https://sofifa.com/player/253271/thiago-cardozo/270002/","https://cdn.sofifa.net/players/253/271/27_120.png","POR","Uruguay","Belgrano de Córdoba","111022","","","29","74","75","1996","181cm 5'11""","75kg 165lbs","Der.","POR","1","31 dic. 2026","€8K","€3.2M","€0","1","No","25"
"214777","Leandro Díaz","https://sofifa.com/player/214777/leandro-diaz/270002/","https://cdn.sofifa.net/players/214/777/27_120.png","DC","Argentina","Atlético Tucumán","111708","2025","2026","34","74","74","1992","184cm 6'0""","85kg 187lbs","Der.","DC","0","N/A","€13K","€2.1M","€3.2M","1","No","9"
"256502","Aaron Molinas","https://sofifa.com/player/256502/aaron-molinas/270002/","https://cdn.sofifa.net/players/256/502/27_120.png","MC/MCO/MI/MCD","Argentina/Italia","Defensa y Justicia","111710","2024","2027","25","74","79","2000","175cm 5'9""","73kg 161lbs","Der.","MCO","5","N/A","€14K","€6M","€9.5M","1","No","10"
"253354","Hernán Galíndez","https://sofifa.com/player/253354/hernan-galindez/270002/","https://cdn.sofifa.net/players/253/354/27_120.png","POR","Ecuador/Argentina","Huracán","111711","2024","2026","39","74","74","1987","189cm 6'2""","84kg 185lbs","Der.","POR","0","N/A","€7K","€475K","€713K","1","No","1"
"226604","Diego Valoyes","https://sofifa.com/player/226604/diego-valoyes/270002/","https://cdn.sofifa.net/players/226/604/27_120.png","MD/MI/DC/ED","Colombia","Talleres","112670","","","29","74","76","1996","181cm 5'11""","76kg 168lbs","Der.","MD","2","31 dic. 2026","€10K","€4.8M","€0","1","No","7"
"267626","Matías Galarza","https://sofifa.com/player/267626/matias-galarza/270002/","https://cdn.sofifa.net/players/267/626/27_120.png","MCD/MC","Argentina","Talleres","112670","2024","2028","24","74","82","2002","180cm 5'11""","71kg 157lbs","Der.","MCD","8","N/A","€11K","€9M","€15.3M","1","No","5"
"207715","Nicolás López","https://sofifa.com/player/207715/nicolas-lopez/270002/","https://cdn.sofifa.net/players/207/715/27_120.png","DC/ED/MCO","Uruguay","Platense","112689","2026","2026","32","74","77","1993","178cm 5'10""","75kg 165lbs","Izq.","MCO","3","N/A","€15K","€4.3M","€6.8M","1","Sí","11"
"264365","Ignacio Vázquez","https://sofifa.com/player/264365/ignacio-vazquez/270002/","https://cdn.sofifa.net/players/264/365/27_120.png","DFC","Argentina","Platense","112689","2023","2026","29","74","74","1997","188cm 6'2""","84kg 185lbs","Der.","DFC","0","N/A","€13K","€3.5M","€5.3M","1","No","13"
"243759","Ignacio Arce","https://sofifa.com/player/243759/ignacio-arce/270002/","https://cdn.sofifa.net/players/243/759/27_120.png","POR","Argentina","Deportivo Riestra","115472","2023","2026","34","74","74","1992","180cm 5'11""","71kg 157lbs","Der.","POR","0","N/A","€8K","€725K","€1.1M","1","No","1"
"227900","Nicolás Tripichio","https://sofifa.com/player/227900/nicolas-tripichio/270002/","https://cdn.sofifa.net/players/227/900/27_120.png","MCD/MC/MD","Argentina","San Lorenzo de Almagro","1013","2024","2028","30","73","73","1996","176cm 5'9""","70kg 154lbs","Der.","MCD","0","N/A","€13K","€2.5M","€3.8M","1","No","24"
"259788","Juan Portillo","https://sofifa.com/player/259788/juan-portillo/270002/","https://cdn.sofifa.net/players/259/788/27_120.png","DFC/MCD/MC","Argentina","River Plate","1876","2025","2028","26","73","76","2000","182cm 6'0""","80kg 176lbs","Der.","DFC","3","N/A","€15K","€3.5M","€5.2M","1","No","5"
"279168","Santiago Beltrán","https://sofifa.com/player/279168/santiago-beltran/270002/","https://cdn.sofifa.net/players/279/168/27_120.png","POR","Argentina/Italia","River Plate","1876","2024","2027","21","73","81","2004","190cm 6'3""","85kg 187lbs","Izq.","POR","8","N/A","€5K","€6M","€9.6M","1","No","41"
"220295","Enner Valencia","https://sofifa.com/player/220295/enner-valencia/270002/","https://cdn.sofifa.net/players/220/295/27_120.png","DC/EI/MI","Ecuador","Boca Juniors","1877","2026","2027","36","73","78","1989","177cm 5'10""","74kg 163lbs","Der.","DC","5","N/A","€13K","€2.1M","€3.1M","1","Sí","13"
"242971","Carlos Palacios","https://sofifa.com/player/242971/carlos-palacios/270002/","https://cdn.sofifa.net/players/242/971/27_120.png","MCO/MI/MC/EI","Chile","Boca Juniors","1877","2025","2029","25","73-1","76","2000","180cm 5'11""","78kg 172lbs","Der.","MCO","3","N/A","€15K","€4M","€5.9M","1","Sí","7"
"75343","Joaquín Tobio Burgos","https://sofifa.com/player/75343/joaquin-tobio-burgos/270002/","https://cdn.sofifa.net/players/075/343/27_120.png","MI/MCO/EI/MC","Argentina","Estudiantes de La Plata","101083","2024","2026","21","73","80","2004","178cm 5'10""","72kg 159lbs","Izq.","MI","7","N/A","€11K","€6M","€10.2M","1","No","17"
"143121","José Sosa","https://sofifa.com/player/143121/jose-sosa/270002/","https://cdn.sofifa.net/players/143/121/27_120.png","MC/MCO/DC/MCD","Argentina","Estudiantes de La Plata","101083","2022","2026","41","73","80","1985","181cm 5'11""","78kg 172lbs","Der.","MC","7","N/A","€12K","€0","€0","1","No","7"
"228179","Alexis Castro","https://sofifa.com/player/228179/alexis-castro/270002/","https://cdn.sofifa.net/players/228/179/27_120.png","MC/MI/MCD/EI","Argentina","Estudiantes de La Plata","101083","2025","2026","31","73","74","1994","183cm 6'0""","71kg 157lbs","Izq.","MC","1","N/A","€15K","€2.8M","€4.4M","1","No","22"
"263690","Eros Mancuso","https://sofifa.com/player/263690/eros-mancuso/270002/","https://cdn.sofifa.net/players/263/690/27_120.png","LD/LI/MC","Argentina","Estudiantes de La Plata","101083","2024","2027","27","73-1","74-1","1999","171cm 5'7""","76kg 168lbs","Der.","LD","1","N/A","€14K","€3.2M","€5M","1","No","40"
"268558","Tomás Palacios","https://sofifa.com/player/268558/tomas-palacios/270002/","https://cdn.sofifa.net/players/268/558/27_120.png","DFC/LI","Argentina","Estudiantes de La Plata","101083","","","23","73+1","82+1","2003","196cm 6'5""","80kg 176lbs","Izq.","DFC","9","31 dic. 2026","€26K","€6.5M","€0","1","Sí","24"
"215998","Ignacio Fernández","https://sofifa.com/player/215998/ignacio-fernandez/270002/","https://cdn.sofifa.net/players/215/998/27_120.png","MC/MCO/MD/MCD","Argentina","Gimnasia y Esgrima La Plata","101084","2026","2026","36","73","81","1990","182cm 6'0""","67kg 148lbs","Izq.","MCO","8","N/A","€10K","€4.2M","€7.1M","1","Sí","8"
"201862","Marcos Rojo","https://sofifa.com/player/201862/marcos-rojo/270002/","https://cdn.sofifa.net/players/201/862/27_120.png","DFC","Argentina","Racing Club","101085","2025","2026","36","73","83","1990","186cm 6'1""","82kg 181lbs","Izq.","DFC","10","N/A","€11K","€3.8M","€6.5M","1","Sí","6"
"236507","Tomás Conechny","https://sofifa.com/player/236507/tomas-conechny/270002/","https://cdn.sofifa.net/players/236/507/27_120.png","MI/EI/LI","Argentina/Polonia","Racing Club","101085","2025","2029","28","73","74","1998","176cm 5'9""","65kg 143lbs","Izq.","MI","1","N/A","€16K","€3.3M","€5.2M","1","Sí","17"
"211263","Lisandro Magallán","https://sofifa.com/player/211263/lisandro-magallan/270002/","https://cdn.sofifa.net/players/211/263/27_120.png","DFC","Argentina/Italia","Vélez Sarsfield","101088","2025","2027","32","73","76","1993","185cm 6'1""","83kg 183lbs","Der.","DFC","3","N/A","€13K","€2.6M","€4.1M","1","No","16"
"214302","Claudio Baeza","https://sofifa.com/player/214302/claudio-baeza/270002/","https://cdn.sofifa.net/players/214/302/27_120.png","MCD/MC","Chile","Vélez Sarsfield","101088","2025","2027","32","73-1","74","1993","171cm 5'7""","68kg 150lbs","Der.","MCD","1","N/A","€13K","€2.3M","€3.6M","1","No","5"
"204259","Santiago Arias","https://sofifa.com/player/204259/santiago-arias/270002/","https://cdn.sofifa.net/players/204/259/27_120.png","LD/MD","Colombia","Independiente","110093","2026","2026","34","73","81","1992","177cm 5'10""","72kg 159lbs","Der.","LD","8","N/A","€11K","€4.4M","€7.5M","1","No","4"
"215057","Iván Marcone","https://sofifa.com/player/215057/ivan-marcone/270002/","https://cdn.sofifa.net/players/215/057/27_120.png","MCD/MC/DFC","Argentina/Italia","Independiente","110093","2022","2026","36","73","80","1990","182cm 6'0""","83kg 183lbs","Der.","MCD","7","N/A","€8K","€3.2M","€5.4M","1","Sí","23"
"216700","Maximiliano Meza","https://sofifa.com/player/216700/maximiliano-meza/270002/","https://cdn.sofifa.net/players/216/700/27_120.png","MC/ED/MD/MCD","Argentina","Independiente","110093","2026","2027","33","73","78","1992","180cm 5'11""","75kg 165lbs","Der.","MCO","5","N/A","€12K","€3M","€4.7M","1","No","8"
"228415","Leonardo Godoy","https://sofifa.com/player/228415/leonardo-godoy/270002/","https://cdn.sofifa.net/players/228/415/27_120.png","LD/MD/ED","Argentina","Independiente","110093","2025","2028","31","73","75","1995","173cm 5'8""","70kg 154lbs","Der.","LD","2","N/A","€11K","€2.7M","€4.3M","1","No","29"
"228520","Ezequiel Ávila","https://sofifa.com/player/228520/ezequiel-avila/270002/","https://cdn.sofifa.net/players/228/520/27_120.png","DC/MD/ED/MCO","Argentina/España","Independiente","110093","2026","2027","32","73","80","1994","172cm 5'8""","81kg 179lbs","Der.","DC","7","N/A","€13K","€5M","€8.5M","1","Sí","6"
"256407","Franco Petroli","https://sofifa.com/player/256407/franco-petroli/270002/","https://cdn.sofifa.net/players/256/407/27_120.png","POR","Argentina/Italia","Lanús","110395","2026","2029","28","73","74","1998","188cm 6'2""","85kg 187lbs","Izq.","POR","1","N/A","€9K","€2.4M","€3.8M","1","No","1"
"223249","Gabriel Arias","https://sofifa.com/player/223249/gabriel-arias/270002/","https://cdn.sofifa.net/players/223/249/27_120.png","POR","Chile/Argentina","Newell's Old Boys","110396","2026","2026","38","73","79","1987","189cm 6'2""","85kg 187lbs","Der.","POR","6","N/A","€5K","€1.6M","€2.6M","1","No","21"
"273711","Santiago Solari","https://sofifa.com/player/273711/santiago-solari/270002/","https://cdn.sofifa.net/players/273/711/27_120.png","ED/EI/MD/MI","Argentina","Newell's Old Boys","110396","","","28","73","73","1998","178cm 5'10""","74kg 163lbs","Der.","ED","0","30 jun. 2027","€17K","€3.1M","€0","1","No","32"
"214933","Diego Rodríguez","https://sofifa.com/player/214933/diego-rodriguez/270002/","https://cdn.sofifa.net/players/214/933/27_120.png","POR","Argentina/España","CA Banfield","110404","2026","2027","37","73","75","1989","184cm 6'0""","80kg 176lbs","Izq.","POR","2","N/A","€4K","€775K","€1.2M","1","No","50"
"211269","Guillermo Fernández","https://sofifa.com/player/211269/guillermo-fernandez/270002/","https://cdn.sofifa.net/players/211/269/27_120.png","MC/MCD/MD/DFC/ED","Argentina","Rosario Central","110580","2026","2026","34","73","76","1991","178cm 5'10""","75kg 165lbs","Der.","MC","3","N/A","€14K","€2.1M","€3.3M","1","Sí","28"
"246335","Federico Navarro","https://sofifa.com/player/246335/federico-navarro/270002/","https://cdn.sofifa.net/players/246/335/27_120.png","MCD/MC/DFC","Argentina","Rosario Central","110580","2025","2027","26","73","74","2000","170cm 5'7""","69kg 152lbs","Der.","MCD","1","N/A","€12K","€3.2M","€5M","1","No","31"
"247467","Gastón Ávila","https://sofifa.com/player/247467/gaston-avila/270002/","https://cdn.sofifa.net/players/247/467/27_120.png","DFC/LI","Argentina","Rosario Central","110580","","","24","73+1","76+1","2001","182cm 6'0""","78kg 172lbs","Izq.","DFC","3","31 dic. 2026","€12K","€3.7M","€0","1","No","13"
"256441","Vicente Pizarro","https://sofifa.com/player/256441/vicente-pizarro/270002/","https://cdn.sofifa.net/players/256/441/27_120.png","MCD/MC","Chile","Rosario Central","110580","2026","2029","23","73","80","2002","172cm 5'8""","68kg 150lbs","Izq.","MCD","7","N/A","€11K","€5.5M","€9.4M","1","No","20"
"263518","Agustín Sández","https://sofifa.com/player/263518/agustin-sandez/270002/","https://cdn.sofifa.net/players/263/518/27_120.png","LI/MCD","Paraguay/Argentina","Rosario Central","110580","2023","2027","25","73","76","2001","181cm 5'11""","78kg 172lbs","Izq.","LI","3","N/A","€12K","€3.7M","€5.8M","1","Sí","3"
"215051","Lisandro López","https://sofifa.com/player/215051/lisandro-lopez/270002/","https://cdn.sofifa.net/players/215/051/27_120.png","DFC","Argentina/España","Belgrano de Córdoba","111022","2025","2027","36","73","79","1989","188cm 6'2""","80kg 176lbs","Der.","DFC","6","N/A","€10K","€1.8M","€3.1M","1","No","17"
"244950","Juan Gabriel Rodríguez","https://sofifa.com/player/244950/juan-gabriel-rodriguez/270002/","https://cdn.sofifa.net/players/244/950/27_120.png","DFC","Argentina","Atlético Tucumán","111708","2026","2027","32","73","75","1994","188cm 6'2""","81kg 179lbs","Der.","DFC","2","N/A","€11K","€2.4M","€3.8M","1","No","17"
"241569","David Martínez","https://sofifa.com/player/241569/david-martinez/270002/","https://cdn.sofifa.net/players/241/569/27_120.png","DFC/LI","Paraguay/Argentina","Defensa y Justicia","111710","","","28","73","75","1998","185cm 6'1""","75kg 165lbs","Izq.","DFC","2","31 dic. 2026","€15K","€3.1M","€0","1","No","21"
"243476","Matías Borgogno","https://sofifa.com/player/243476/matias-borgogno/270002/","https://cdn.sofifa.net/players/243/476/27_120.png","POR","Argentina/Italia","Defensa y Justicia","111710","2024","2027","27","73","73","1998","187cm 6'2""","74kg 163lbs","Der.","POR","0","N/A","€8K","€2.3M","€3.5M","1","No","1"
"213581","Martín Nervo","https://sofifa.com/player/213581/martin-nervo/270002/","https://cdn.sofifa.net/players/213/581/27_120.png","DFC","Argentina","Huracán","111711","2025","2026","35","73","74","1991","183cm 6'0""","81kg 179lbs","Der.","DFC","1","N/A","€10K","€1.1M","€1.7M","1","No","21"
"220334","Óscar Romero","https://sofifa.com/player/220334/oscar-romero/270002/","https://cdn.sofifa.net/players/220/334/27_120.png","MCO/MC/ED","Paraguay","Huracán","111711","2026","2026","33","73","77","1992","176cm 5'9""","74kg 163lbs","Izq.","MI","4","N/A","€14K","€2.8M","€4.4M","1","Sí","10"
"216020","Leonardo Gil","https://sofifa.com/player/216020/leonardo-gil/270002/","https://cdn.sofifa.net/players/216/020/27_120.png","MCD/MC/MCO","Chile/Argentina","Huracán","111711","2025","2026","35","73+1","74","1991","176cm 5'9""","74kg 163lbs","Izq.","MCD","1","N/A","€10K","€1.1M","€1.7M","1","No","8"
"226377","Gonzalo Martínez","https://sofifa.com/player/226377/gonzalo-martinez/270002/","https://cdn.sofifa.net/players/226/377/27_120.png","MCO/EI/MC","Argentina/Italia","Tigre","111715","2026","2026","33","73","79","1993","172cm 5'8""","75kg 165lbs","Izq.","MCO","6","N/A","€11K","€3.2M","€5.4M","1","Sí","28"
"232729","Cristian Tarragona","https://sofifa.com/player/232729/cristian-tarragona/270002/","https://cdn.sofifa.net/players/232/729/27_120.png","DC","Argentina","Club Atlético Unión","111716","2025","2026","35","73","73","1991","176cm 5'9""","75kg 165lbs","Der.","DC","0","N/A","€9K","€1.3M","€2M","1","No","25"
"254585","Julián Palacios","https://sofifa.com/player/254585/julian-palacios/270002/","https://cdn.sofifa.net/players/254/585/27_120.png","MD/MC/MI/ED/MCD/EI","Argentina","Club Atlético Unión","111716","2025","2026","27","73","73","1999","165cm 5'5""","65kg 143lbs","Der.","MD","0","N/A","€11K","€3.2M","€4.8M","1","No","20"
"214990","Matías Catalán","https://sofifa.com/player/214990/matias-catalan/270002/","https://cdn.sofifa.net/players/214/990/27_120.png","DFC/LD","Chile/Argentina","Talleres","112670","2022","2026","33","73","74","1992","182cm 6'0""","78kg 172lbs","Der.","DFC","1","N/A","€12K","€1.7M","€2.7M","1","No","4"
"215054","Víctor Cuesta","https://sofifa.com/player/215054/victor-cuesta/270002/","https://cdn.sofifa.net/players/215/054/27_120.png","DFC","Argentina/Brasil","Platense","112689","2026","2026","37","73","77","1988","187cm 6'2""","86kg 190lbs","Izq.","DFC","4","N/A","€9K","€1.4M","€2.2M","1","No","31"
"237512","Gastón Togni","https://sofifa.com/player/237512/gaston-togni/270002/","https://cdn.sofifa.net/players/237/512/27_120.png","MI/EI/LI","Argentina","Platense","112689","","","28","73","75","1997","181cm 5'11""","80kg 176lbs","Izq.","MI","2","31 dic. 2026","€14K","€3.5M","€0","1","No","16"
"246610","Juan Pablo Cozzani","https://sofifa.com/player/246610/juan-pablo-cozzani/270002/","https://cdn.sofifa.net/players/246/610/27_120.png","POR","Argentina","Platense","112689","2024","2028","27","73","77","1998","184cm 6'0""","77kg 170lbs","Der.","POR","4","N/A","€7K","€3.2M","€5M","1","No","30"
"234458","Carlos Quintana","https://sofifa.com/player/234458/carlos-quintana/270002/","https://cdn.sofifa.net/players/234/458/27_120.png","DFC","Argentina/España","Deportivo Riestra","115472","2026","2027","38","73","74","1988","190cm 6'3""","88kg 194lbs","Izq.","DFC","1","N/A","€8K","€800K","€1.2M","1","No","2"
"76469","Martín Río","https://sofifa.com/player/76469/martin-rio/270002/","https://cdn.sofifa.net/players/076/469/27_120.png","MC/MCD","Argentina/Italia","San Lorenzo de Almagro","1013","","","25","72","77","2001","180cm 5'11""","73kg 161lbs","Der.","MC","5","30 jun. 2027","€10K","€3.4M","€0","1","No","27"
"237994","Nahuel Barrios","https://sofifa.com/player/237994/nahuel-barrios/270002/","https://cdn.sofifa.net/players/237/994/27_120.png","EI/MCO/MC/MI","Argentina","San Lorenzo de Almagro","1013","2017","2026","28","72","74","1998","156cm 5'1""","58kg 128lbs","Der.","EI","2","N/A","€13K","€2.7M","€4.3M","1","No","28"
"251030","Alexis Cuello","https://sofifa.com/player/251030/alexis-cuello/270002/","https://cdn.sofifa.net/players/251/030/27_120.png","DC/EI/MCO/MI","Argentina","San Lorenzo de Almagro","1013","2025","2027","26","72","75","2000","170cm 5'7""","65kg 143lbs","Der.","DC","3","N/A","€13K","€3.1M","€4.9M","1","No","9"
"256287","Facundo Farías","https://sofifa.com/player/256287/facundo-farias/270002/","https://cdn.sofifa.net/players/256/287/27_120.png","DC/MCO/MD/MC/ED","Argentina","San Lorenzo de Almagro","1013","","","23","72","76","2002","171cm 5'7""","69kg 152lbs","Der.","ED","4","30 jun. 2027","€12K","€3.4M","€0","1","No","38"
"260593","Gonzalo Abrego","https://sofifa.com/player/260593/gonzalo-abrego/270002/","https://cdn.sofifa.net/players/260/593/27_120.png","MC/MCD/MCO","Argentina/Italia","San Lorenzo de Almagro","1013","2021","2027","26","72","75","2000","184cm 6'0""","75kg 165lbs","Der.","MC","3","N/A","€12K","€3M","€4.7M","1","No","26"
"242287","Francisco Ortega","https://sofifa.com/player/242287/francisco-ortega/270002/","https://cdn.sofifa.net/players/242/287/27_120.png","LI","Argentina","River Plate","1876","2026","2029","27","72","75","1999","176cm 5'9""","75kg 165lbs","Izq.","LI","3","N/A","€13K","€2.8M","€4.1M","1","No","3"
"247802","Giovanni González","https://sofifa.com/player/247802/giovanni-gonzalez/270002/","https://cdn.sofifa.net/players/247/802/27_120.png","LD/DFC","Uruguay/Italia","River Plate","1876","2026","2027","31","72","73","1994","173cm 5'8""","73kg 161lbs","Der.","LD","1","N/A","€14K","€1.9M","€2.8M","1","No","20"
"83580","Tomás Aranda","https://sofifa.com/player/83580/tomas-aranda/270002/","https://cdn.sofifa.net/players/083/580/27_120.png","MI/MCO/EI","Argentina","Boca Juniors","1877","2026","2029","19","72+2","83+2","2007","164cm 5'5""","61kg 134lbs","Der.","MI","11","N/A","€10K","€5M","€8M","1","No","10"
"219841","Nicolás Figal","https://sofifa.com/player/219841/nicolas-figal/270002/","https://cdn.sofifa.net/players/219/841/27_120.png","DFC","Argentina","Boca Juniors","1877","2022","2027","32","72","76","1994","184cm 6'0""","75kg 165lbs","Der.","DFC","4","N/A","€14K","€2.2M","€3.2M","1","Sí","4"
"252238","Alan Velasco","https://sofifa.com/player/252238/alan-velasco/270002/","https://cdn.sofifa.net/players/252/238/27_120.png","MI/MD/MCO/EI","Argentina","Boca Juniors","1877","2025","2028","23","72","79","2002","167cm 5'6""","63kg 139lbs","Der.","MI","7","N/A","€12K","€4.7M","€7.5M","1","Sí","20"
"274947","Marco Pellegrino","https://sofifa.com/player/274947/marco-pellegrino/270002/","https://cdn.sofifa.net/players/274/947/27_120.png","DFC","Argentina/Italia","Boca Juniors","1877","2025","2029","23","72+1","79","2002","184cm 6'0""","80kg 176lbs","Izq.","DFC","7","N/A","€12K","€4.4M","€7M","1","No","26"
"248053","Santiago Arzamendia","https://sofifa.com/player/248053/santiago-arzamendia/270002/","https://cdn.sofifa.net/players/248/053/27_120.png","LI/MI/EI","Paraguay/Argentina","Estudiantes de La Plata","101083","2024","2027","28","72","73","1998","173cm 5'8""","73kg 161lbs","Izq.","LI","1","N/A","€13K","€2.3M","€3.6M","1","No","15"
"258090","Eric Meza","https://sofifa.com/player/258090/eric-meza/270002/","https://cdn.sofifa.net/players/258/090/27_120.png","LD/MD","Argentina","Estudiantes de La Plata","101083","2024","2027","27","72","73","1999","175cm 5'9""","73kg 161lbs","Der.","LD","1","N/A","€12K","€2.5M","€3.9M","1","No","20"
"271512","Brian Aguirre","https://sofifa.com/player/271512/brian-aguirre/270002/","https://cdn.sofifa.net/players/271/512/27_120.png","EI/MI/MD/ED","Argentina","Estudiantes de La Plata","101083","","","23","72-1","80-1","2003","175cm 5'9""","72kg 159lbs","Der.","EI","8","31 dic. 2026","€13K","€5M","€0","1","No","28"
"253278","Enzo Martínez","https://sofifa.com/player/253278/enzo-martinez/270002/","https://cdn.sofifa.net/players/253/278/27_120.png","DFC","Uruguay","Gimnasia y Esgrima La Plata","101084","2024","2028","28","72","74","1998","183cm 6'0""","77kg 170lbs","Izq.","DFC","2","N/A","€12K","€2.4M","€3.8M","1","No","21"
"230975","Duván Vergara","https://sofifa.com/player/230975/duvan-vergara/270002/","https://cdn.sofifa.net/players/230/975/27_120.png","EI/MD/MI/ED","Colombia","Racing Club","101085","2025","2027","29","72","76","1996","177cm 5'10""","72kg 159lbs","Der.","EI","4","N/A","€15K","€3M","€4.7M","1","No","7"
"235926","Matías Zaracho","https://sofifa.com/player/235926/matias-zaracho/270002/","https://cdn.sofifa.net/players/235/926/27_120.png","MC/MCO/MD/ED","Argentina","Racing Club","101085","2025","2028","28","72","79","1998","171cm 5'7""","65kg 143lbs","Der.","MCO","7","N/A","€15K","€4.3M","€7.3M","1","Sí","11"
"252036","Nazareno Colombo","https://sofifa.com/player/252036/nazareno-colombo/270002/","https://cdn.sofifa.net/players/252/036/27_120.png","DFC/LD/MCD","Argentina","Racing Club","101085","2023","2027","27","72","73","1999","182cm 6'0""","83kg 183lbs","Der.","DFC","1","N/A","€13K","€2.4M","€3.8M","1","Sí","23"
"74857","Jano Gordon","https://sofifa.com/player/74857/jano-gordon/270002/","https://cdn.sofifa.net/players/074/857/27_120.png","LD","Argentina","Vélez Sarsfield","101088","2025","2028","22","72","78","2004","182cm 6'0""","74kg 163lbs","Der.","LD","6","N/A","€10K","€3.5M","€6M","1","No","21"
"244884","Matías Pellegrini","https://sofifa.com/player/244884/matias-pellegrini/270002/","https://cdn.sofifa.net/players/244/884/27_120.png","MD/MI/ED/EI","Argentina","Vélez Sarsfield","101088","2024","2026","26","72-1","75","2000","176cm 5'9""","66kg 146lbs","Izq.","MD","3","N/A","€12K","€3.1M","€4.9M","1","No","11"
"262865","Facundo Sanguinetti","https://sofifa.com/player/262865/facundo-sanguinetti/270002/","https://cdn.sofifa.net/players/262/865/27_120.png","POR","Argentina","Vélez Sarsfield","101088","","","25","72","78","2001","185cm 6'1""","71kg 157lbs","Der.","POR","6","31 dic. 2027","€6K","€2.9M","€0","1","No","23"
"259259","Santiago Mele","https://sofifa.com/player/259259/santiago-mele/270002/","https://cdn.sofifa.net/players/259/259/27_120.png","POR","Uruguay/Italia","Independiente","110093","","","28","72","75","1997","184cm 6'0""","79kg 174lbs","Der.","POR","3","30 jun. 2027","€14K","€2.2M","€0","1","No","77"
"272939","Matías Abaldo","https://sofifa.com/player/272939/matias-abaldo/270002/","https://cdn.sofifa.net/players/272/939/27_120.png","MI/MD/ED/EI","Uruguay/Alemania","Independiente","110093","2026","2029","22","72","80","2004","172cm 5'8""","60kg 132lbs","Der.","MI","8","N/A","€9K","€5.5M","€9.4M","1","No","19"
"236472","Agustín Cardozo","https://sofifa.com/player/236472/agustin-cardozo/270002/","https://cdn.sofifa.net/players/236/472/27_120.png","MCD/MC/DFC","Argentina","Lanús","110395","2024","2027","29","72","72","1997","183cm 6'0""","79kg 174lbs","Der.","MCD","0","N/A","€13K","€2M","€3M","1","No","30"
"253238","José Canale","https://sofifa.com/player/253238/jose-canale/270002/","https://cdn.sofifa.net/players/253/238/27_120.png","DFC","Paraguay","Lanús","110395","2023","2026","29","72","72","1996","185cm 6'1""","80kg 176lbs","Izq.","DFC","0","N/A","€13K","€2M","€3M","1","No","13"
"222428","Juan Cruz Komar","https://sofifa.com/player/222428/juan-cruz-komar/270002/","https://cdn.sofifa.net/players/222/428/27_120.png","DFC","Argentina/Italia","Rosario Central","110580","2022","2026","29","72","73","1996","190cm 6'3""","82kg 181lbs","Der.","DFC","1","N/A","€12K","€2.2M","€3.5M","1","No","6"
"238332","Enzo Copetti","https://sofifa.com/player/238332/enzo-copetti/270002/","https://cdn.sofifa.net/players/238/332/27_120.png","DC/MCO/MC","Argentina","Rosario Central","110580","2024","2027","30","72","74","1996","180cm 5'11""","88kg 194lbs","Der.","DC","2","N/A","€13K","€2.6M","€4.1M","1","No","22"
"242482","Emanuel Coronel","https://sofifa.com/player/242482/emanuel-coronel/270002/","https://cdn.sofifa.net/players/242/482/27_120.png","LD/MD/MCD/ED","Argentina","Rosario Central","110580","2024","2026","29","72","72","1997","173cm 5'8""","72kg 159lbs","Der.","LD","0","N/A","€12K","€2.1M","€3.2M","1","No","32"
"232765","Tomás Molina","https://sofifa.com/player/232765/tomas-molina/270002/","https://cdn.sofifa.net/players/232/765/27_120.png","DC","Argentina","Argentinos Juniors","111019","2024","2029","31","72","73","1995","183cm 6'0""","78kg 172lbs","Der.","DC","1","N/A","€12K","€2.2M","€3.5M","1","No","27"
"258137","Sebastián Prieto","https://sofifa.com/player/258137/sebastian-prieto/270002/","https://cdn.sofifa.net/players/258/137/27_120.png","LI/MI","Argentina","Argentinos Juniors","111019","2024","2027","33","72","72","1993","180cm 5'11""","73kg 161lbs","Izq.","LI","0","N/A","€11K","€1.2M","€1.8M","1","No","20"
"232832","Luciano Gómez","https://sofifa.com/player/232832/luciano-gomez/270002/","https://cdn.sofifa.net/players/232/832/27_120.png","LI/LD/MD/MI/ED","Argentina","Independiente Rivadavia","111020","","","30","72","72","1996","163cm 5'4""","66kg 146lbs","Der.","LI","0","31 dic. 2026","€11K","€2M","€0","1","No","14"
"233780","Alexis Maldonado","https://sofifa.com/player/233780/alexis-maldonado/270002/","https://cdn.sofifa.net/players/233/780/27_120.png","DFC","Argentina","Belgrano de Córdoba","111022","2025","2027","28","72","72","1997","187cm 6'2""","85kg 187lbs","Der.","DFC","0","N/A","€12K","€2M","€3M","1","No","2"
"246770","Francisco González Metilli","https://sofifa.com/player/246770/francisco-gonzalez-metilli/270002/","https://cdn.sofifa.net/players/246/770/27_120.png","MC/MI/MCO/MCD/EI","Argentina","Belgrano de Córdoba","111022","2024","2026","29","72","73","1997","178cm 5'10""","70kg 154lbs","Izq.","MI","1","N/A","€12K","€2.5M","€3.9M","1","No","11"
"259690","Adrián Sánchez","https://sofifa.com/player/259690/adrian-sanchez/270002/","https://cdn.sofifa.net/players/259/690/27_120.png","MCD/MC/MD","Argentina/Italia","Belgrano de Córdoba","111022","2026","2029","27","72","72","1999","177cm 5'10""","73kg 161lbs","Der.","MCD","0","N/A","€11K","€2.2M","€3.3M","1","No","21"
"215135","Leonardo Sigali","https://sofifa.com/player/215135/leonardo-sigali/270002/","https://cdn.sofifa.net/players/215/135/27_120.png","DFC","Argentina","CA Aldosivi","111707","2026","2027","39","72-1","79","1987","180cm 5'11""","71kg 157lbs","Der.","DFC","7","N/A","€8K","€2.4M","€4.1M","1","Sí","2"
"247143","Andrés Vombergar","https://sofifa.com/player/247143/andres-vombergar/270002/","https://cdn.sofifa.net/players/247/143/27_120.png","DC/ED/MD","Eslovenia/Argentina","CA Aldosivi","111707","2026","2029","31","72-2","74","1994","188cm 6'2""","79kg 174lbs","Der.","DC","2","N/A","€11K","€2.3M","€3.6M","1","No","29"
"72302","Clever Ferreira","https://sofifa.com/player/72302/clever-ferreira/270002/","https://cdn.sofifa.net/players/072/302/27_120.png","DFC","Paraguay","Atlético Tucumán","111708","2024","2026","23","72+2","79+1","2003","180cm 5'11""","75kg 165lbs","Der.","DFC","7","N/A","€8K","€4.4M","€7.5M","1","No","26"
"235004","Gastón Suso","https://sofifa.com/player/235004/gaston-suso/270002/","https://cdn.sofifa.net/players/235/004/27_120.png","DFC","Argentina","Atlético Tucumán","111708","2026","2026","35","72","72","1991","190cm 6'3""","82kg 181lbs","Izq.","DFC","0","N/A","€7K","€625K","€938K","1","No","20"
"251686","Damián Fernández","https://sofifa.com/player/251686/damian-fernandez/270002/","https://cdn.sofifa.net/players/251/686/27_120.png","DFC","Argentina","Defensa y Justicia","111710","2025","2027","25","72+1","78+1","2001","180cm 5'11""","77kg 170lbs","Der.","DFC","6","N/A","€11K","€3.3M","€5.6M","1","No","29"
"251138","Fabio Pereyra","https://sofifa.com/player/251138/fabio-pereyra/270002/","https://cdn.sofifa.net/players/251/138/27_120.png","DFC","Argentina","Huracán","111711","2023","2026","36","72","72","1990","185cm 6'1""","76kg 168lbs","Der.","DFC","0","N/A","€9K","€425K","€638K","1","No","6"
"254048","Facundo Waller","https://sofifa.com/player/254048/facundo-waller/270002/","https://cdn.sofifa.net/players/254/048/27_120.png","MI/MC/MCD/LI/DFC","Uruguay","Huracán","111711","2025","2028","29","72","75","1997","174cm 5'9""","69kg 152lbs","Izq.","MI","3","N/A","€12K","€2.8M","€4.4M","1","No","15"
"263204","Matías Mansilla","https://sofifa.com/player/263204/matias-mansilla/270002/","https://cdn.sofifa.net/players/263/204/27_120.png","POR","Argentina","Club Atlético Unión","111716","","","30","72","74","1996","191cm 6'3""","92kg 203lbs","Der.","POR","2","31 dic. 2026","€8K","€1.9M","€0","1","No","21"
"266171","Juan de Dios Pintado","https://sofifa.com/player/266171/juan-de-dios-pintado/270002/","https://cdn.sofifa.net/players/266/171/27_120.png","LD/MD","Uruguay","Club Atlético Unión","111716","","","28","72","73","1997","173cm 5'8""","62kg 137lbs","Der.","LD","1","31 dic. 2026","€12K","€2.3M","€0","1","No","15"
"229015","Gabriel Báez","https://sofifa.com/player/229015/gabriel-baez/270002/","https://cdn.sofifa.net/players/229/015/27_120.png","LI/MI","Argentina/Paraguay","Talleres","112670","2025","2027","30","72","72","1995","176cm 5'9""","76kg 168lbs","Izq.","LI","0","N/A","€11K","€2M","€3M","1","No","23"
"226798","Mauricio Martínez","https://sofifa.com/player/226798/mauricio-martinez/270002/","https://cdn.sofifa.net/players/226/798/27_120.png","MC/MCD/MCO","Argentina","Club Atlético Sarmiento","112713","2026","2026","33","72+1","72","1993","183cm 6'0""","80kg 176lbs","Der.","MC","0","N/A","€10K","€1.4M","€2M","1","Sí","16"
"186695","Ezequiel Muñoz","https://sofifa.com/player/186695/ezequiel-munoz/270002/","https://cdn.sofifa.net/players/186/695/27_120.png","DFC","Argentina/Italia","Gimnasia y Esgrima de Mendoza","113050","2026","2026","35","72","75","1990","186cm 6'1""","86kg 190lbs","Der.","DFC","3","N/A","€7K","€1.1M","€1.7M","1","Sí","4"
"273764","Ulises Sánchez","https://sofifa.com/player/273764/ulises-sanchez/270002/","https://cdn.sofifa.net/players/273/764/27_120.png","MD/MC/MI/ED/MCD/EI","Argentina","Gimnasia y Esgrima de Mendoza","113050","","","28","72","73","1998","169cm 5'7""","64kg 141lbs","Der.","MD","1","31 dic. 2026","€12K","€2.6M","€0","1","No","15"
"229842","Diego Herazo","https://sofifa.com/player/229842/diego-herazo/270002/","https://cdn.sofifa.net/players/229/842/27_120.png","DC","Colombia","San Lorenzo de Almagro","1013","2024","2026","30","71","71","1996","187cm 6'2""","85kg 187lbs","Der.","DC","0","N/A","€12K","€1.8M","€2.7M","1","No","18"
"85397","Lucas Silva","https://sofifa.com/player/85397/lucas-silva/270002/","https://cdn.sofifa.net/players/085/397/27_120.png","MCD/MC","Argentina","River Plate","1876","2026","2028","19","71","81","2007","179cm 5'10""","70kg 154lbs","Der.","MCD","10","N/A","€8K","€3.8M","€6.1M","1","No","44"
"246236","Ezequiel Centurión","https://sofifa.com/player/246236/ezequiel-centurion/270002/","https://cdn.sofifa.net/players/246/236/27_120.png","POR","Argentina/Italia","River Plate","1876","2018","2026","29","71","73","1997","184cm 6'0""","79kg 174lbs","Der.","POR","2","N/A","€8K","€1.6M","€2.4M","1","No","33"
"220332","Ángel Romero","https://sofifa.com/player/220332/angel-romero/270002/","https://cdn.sofifa.net/players/220/332/27_120.png","ED/EI/DC/MD/MI/MCO","Paraguay","Boca Juniors","1877","2026","2026","33","71","77","1992","176cm 5'9""","63kg 139lbs","Der.","ED","6","N/A","€14K","€2M","€3.2M","1","No","11"
"241607","Tomás Belmonte","https://sofifa.com/player/241607/tomas-belmonte/270002/","https://cdn.sofifa.net/players/241/607/27_120.png","MC/MCD","Argentina/Italia","Boca Juniors","1877","2024","2028","28","71-1","75","1998","178cm 5'10""","68kg 150lbs","Der.","DFC","4","N/A","€13K","€2.4M","€3.5M","1","No","8"
"231360","Jalil Elías","https://sofifa.com/player/231360/jalil-elias/270002/","https://cdn.sofifa.net/players/231/360/27_120.png","MC/MCD/MD","Siria/Argentina","Estudiantes de La Plata","101083","2026","2027","30","71","74","1996","175cm 5'9""","69kg 152lbs","Der.","MC","3","N/A","€12K","€2.2M","€3.5M","1","No","39"
"221219","Germán Conti","https://sofifa.com/player/221219/german-conti/270002/","https://cdn.sofifa.net/players/221/219/27_120.png","DFC","Argentina/Italia","Gimnasia y Esgrima La Plata","101084","","","32","71","78","1994","193cm 6'4""","81kg 179lbs","Der.","DFC","7","30 jun. 2027","€13K","€2.8M","€0","1","No","13"
"233777","Pedro Silva Torrejón","https://sofifa.com/player/233777/pedro-silva-torrejon/270002/","https://cdn.sofifa.net/players/233/777/27_120.png","LI/MI","Argentina/Italia","Gimnasia y Esgrima La Plata","101084","2025","2026","29","71","71","1997","178cm 5'10""","78kg 172lbs","Izq.","LI","0","N/A","€11K","€1.6M","€2.4M","1","No","24"
"246336","Matko Miljević","https://sofifa.com/player/246336/matko-miljevic/270002/","https://cdn.sofifa.net/players/246/336/27_120.png","MCO/MC/MI/MCD/EI","EE.UU./Argentina","Racing Club","101085","2026","2029","25","71","74","2001","175cm 5'9""","76kg 168lbs","Der.","MCO","3","N/A","€12K","€2.5M","€3.9M","1","No","10"
"247368","Juan Barinaga","https://sofifa.com/player/247368/juan-barinaga/270002/","https://cdn.sofifa.net/players/247/368/27_120.png","LD/MD","Argentina","Racing Club","101085","","","25","71-1","75","2000","176cm 5'9""","75kg 165lbs","Der.","LD","4","30 jun. 2027","€12K","€2.4M","€0","1","No","14"
"255333","Matías Pérez","https://sofifa.com/player/255333/matias-perez/270002/","https://cdn.sofifa.net/players/255/333/27_120.png","DFC/MCD/MC","Argentina/Paraguay","Racing Club","101085","2026","2030","27","71","74","1999","177cm 5'10""","82kg 181lbs","Der.","DFC","3","N/A","€12K","€2.1M","€3.3M","1","No","2"
"272602","Valentín Carboni","https://sofifa.com/player/272602/valentin-carboni/270002/","https://cdn.sofifa.net/players/272/602/27_120.png","MCO/MD/ED/MC","Argentina/Italia","Racing Club","101085","","","21","71","81","2005","185cm 6'1""","78kg 172lbs","Izq.","MCO","10","31 dic. 2026","€20K","€4.2M","€0","1","No","21"
"253951","Franco Calderón","https://sofifa.com/player/253951/franco-calderon/270002/","https://cdn.sofifa.net/players/253/951/27_120.png","DFC","Argentina","Independiente","110093","2024","2027","28","71","73","1998","188cm 6'2""","80kg 176lbs","Der.","DFC","2","N/A","€9K","€1.9M","€3M","1","No","2"
"259977","Matías Cóccaro","https://sofifa.com/player/259977/matias-coccaro/270002/","https://cdn.sofifa.net/players/259/977/27_120.png","DC/MCO","Uruguay/Italia","Newell's Old Boys","110396","2026","2028","28","71+1","72","1997","178cm 5'10""","73kg 161lbs","Der.","DC","1","N/A","€11K","€2.1M","€3.2M","1","No","9"
"220156","Adrián Balboa","https://sofifa.com/player/220156/adrian-balboa/270002/","https://cdn.sofifa.net/players/220/156/27_120.png","DC","Uruguay","CA Banfield","110404","2026","2027","32","71","71","1994","186cm 6'1""","82kg 181lbs","Der.","DC","0","N/A","€10K","€1.5M","€2.2M","1","No","9"
"223061","Franco Cervi","https://sofifa.com/player/223061/franco-cervi/270002/","https://cdn.sofifa.net/players/223/061/27_120.png","MI/EI","Argentina/Italia","Rosario Central","110580","2026","2031","32","71","80","1994","166cm 5'5""","67kg 148lbs","Izq.","MI","9","N/A","€11K","€3.5M","€6M","1","Sí","10"
"231507","Alexis Soto","https://sofifa.com/player/231507/alexis-soto/270002/","https://cdn.sofifa.net/players/231/507/27_120.png","LI/MI/EI","Argentina","Rosario Central","110580","","","32","71","73","1993","176cm 5'9""","75kg 165lbs","Izq.","LI","2","31 dic. 2026","€11K","€1.6M","€0","1","Sí","33"
"271501","Alan Rodríguez","https://sofifa.com/player/271501/alan-rodriguez/270002/","https://cdn.sofifa.net/players/271/501/27_120.png","MC/MCD/ED/MCO/MD","Uruguay/Italia","Rosario Central","110580","2026","2027","26","71","74","2000","171cm 5'7""","63kg 139lbs","Der.","MCO","3","N/A","€11K","€2.4M","€3.8M","1","No","88"
"225858","Marcos Ledesma","https://sofifa.com/player/225858/marcos-ledesma/270002/","https://cdn.sofifa.net/players/225/858/27_120.png","POR","Argentina","Instituto Atlético Central Córdoba","110953","","","29","71+1","71+1","1996","191cm 6'3""","84kg 185lbs","Der.","POR","0","31 dic. 2027","€7K","€1.3M","€0","1","No","29"
"236432","Diego Sosa","https://sofifa.com/player/236432/diego-sosa/270002/","https://cdn.sofifa.net/players/236/432/27_120.png","LI/MI/EI","Argentina","Instituto Atlético Central Córdoba","110953","2026","2026","28","71+1","71+1","1997","177cm 5'10""","74kg 163lbs","Izq.","LI","0","N/A","€9K","€1.7M","€2.6M","1","No","3"
"251339","Giuliano Cerato","https://sofifa.com/player/251339/giuliano-cerato/270002/","https://cdn.sofifa.net/players/251/339/27_120.png","LD/MD/MC/ED/MCD","Argentina/Italia","Instituto Atlético Central Córdoba","110953","2026","2027","28","71","71","1998","170cm 5'7""","65kg 143lbs","Der.","LD","0","N/A","€9K","€1.7M","€2.6M","1","No","44"
"215178","Erik Godoy","https://sofifa.com/player/215178/erik-godoy/270002/","https://cdn.sofifa.net/players/215/178/27_120.png","DFC","Argentina","Argentinos Juniors","111019","2024","2027","32","71","71","1993","185cm 6'1""","79kg 174lbs","Der.","DFC","0","N/A","€10K","€1.2M","€1.8M","1","Sí","4"
"76717","Tomás Bottari","https://sofifa.com/player/76717/tomas-bottari/270002/","https://cdn.sofifa.net/players/076/717/27_120.png","MCD/MC/DFC","Argentina","Independiente Rivadavia","111020","2025","2028","25","71+1","79+2","2001","173cm 5'8""","70kg 154lbs","Der.","MCD","8","N/A","€11K","€3.8M","€6.5M","1","No","5"
"269740","Leonel Bucca","https://sofifa.com/player/269740/leonel-bucca/270002/","https://cdn.sofifa.net/players/269/740/27_120.png","MCO/ED/MC/MD/MCD","Argentina","Independiente Rivadavia","111020","2025","2026","27","71+1","71+1","1999","189cm 6'2""","82kg 181lbs","Izq.","MCO","0","N/A","€12K","€2M","€3M","1","No","8"
"278743","Fabrizio Sartori","https://sofifa.com/player/278743/fabrizio-sartori/270002/","https://cdn.sofifa.net/players/278/743/27_120.png","DC/ED/MCO/MD","Argentina/Italia","Independiente Rivadavia","111020","2024","2027","23","71","77","2002","178cm 5'10""","80kg 176lbs","Der.","DC","6","N/A","€11K","€3M","€5.1M","1","No","43"
"223501","Adrián Spörle","https://sofifa.com/player/223501/adrian-sporle/270002/","https://cdn.sofifa.net/players/223/501/27_120.png","LI/MI","Argentina/Alemania","Belgrano de Córdoba","111022","2025","2026","30","71","71","1995","182cm 6'0""","76kg 168lbs","Izq.","LI","0","N/A","€11K","€1.6M","€2.4M","1","No","3"
"273768","Santiago Longo","https://sofifa.com/player/273768/santiago-longo/270002/","https://cdn.sofifa.net/players/273/768/27_120.png","MC/MCD/MCO","Argentina/Italia","Belgrano de Córdoba","111022","2020","2027","28","71","72","1998","177cm 5'10""","78kg 172lbs","Der.","MCD","1","N/A","€11K","€2M","€3.2M","1","No","5"
"214989","Martín Benítez","https://sofifa.com/player/214989/martin-benitez/270002/","https://cdn.sofifa.net/players/214/989/27_120.png","MCO/MD/DC/MC/ED","Argentina","Atlético Tucumán","111708","2026","2026","32","71-1","76","1994","173cm 5'8""","72kg 159lbs","Der.","ED","5","N/A","€9K","€2.2M","€3.5M","1","Sí","7"
"222022","Leonel Di Plácido","https://sofifa.com/player/222022/leonel-di-placido/270002/","https://cdn.sofifa.net/players/222/022/27_120.png","LD/MD","Argentina/Italia","Atlético Tucumán","111708","2026","2027","32","71","72","1994","176cm 5'9""","72kg 159lbs","Der.","LD","1","N/A","€9K","€1.5M","€2.4M","1","No","24"
"243810","Luis Ingolotti","https://sofifa.com/player/243810/luis-ingolotti/270002/","https://cdn.sofifa.net/players/243/810/27_120.png","POR","Argentina","Atlético Tucumán","111708","2026","2026","26","71+2","76+2","2000","184cm 6'0""","81kg 179lbs","Der.","POR","5","N/A","€5K","€2.2M","€3.5M","1","No","1"
"271344","Kevin Ortiz","https://sofifa.com/player/271344/kevin-ortiz/270002/","https://cdn.sofifa.net/players/271/344/27_120.png","MC/MCD/DFC","Argentina","Atlético Tucumán","111708","","","25","71","74","2000","176cm 5'9""","70kg 154lbs","Der.","MC","3","31 dic. 2026","€10K","€2.5M","€0","1","No","45"
"224065","Domingo Blanco","https://sofifa.com/player/224065/domingo-blanco/270002/","https://cdn.sofifa.net/players/224/065/27_120.png","MI/MD/MC/EI/ED/MCD","Argentina","Defensa y Justicia","111710","","","31","71","75","1995","167cm 5'6""","63kg 139lbs","Der.","MI","4","30 jun. 2027","€8K","€2.1M","€0","1","Sí","27"
"227274","David Barbona","https://sofifa.com/player/227274/david-barbona/270002/","https://cdn.sofifa.net/players/227/274/27_120.png","MCO/MD/MC/ED","Argentina","Defensa y Justicia","111710","2024","2026","31","71+1","75","1995","174cm 5'9""","78kg 172lbs","Der.","MCO","4","N/A","€11K","€2.1M","€3.3M","1","Sí","19"
"258817","Juan Manuel Gutiérrez","https://sofifa.com/player/258817/juan-manuel-gutierrez/270002/","https://cdn.sofifa.net/players/258/817/27_120.png","MI/MCO/DC/EI","Uruguay/Italia","Defensa y Justicia","111710","2026","2029","24","71+1","77+1","2002","173cm 5'8""","69kg 152lbs","Der.","MI","6","N/A","€9K","€3M","€5.1M","1","No","24"
"258180","Sebastián Meza","https://sofifa.com/player/258180/sebastian-meza/270002/","https://cdn.sofifa.net/players/258/180/27_120.png","POR","Argentina","Huracán","111711","2020","2027","26","71","76","2000","185cm 6'1""","82kg 181lbs","Der.","POR","5","N/A","€7K","€2.2M","€3.5M","1","No","32"
"238331","Lucas Blondel","https://sofifa.com/player/238331/lucas-blondel/270002/","https://cdn.sofifa.net/players/238/331/27_120.png","LD/MD/MC/ED/MCD","Suiza/Argentina","Huracán","111711","","","29","71+1","72","1996","178cm 5'10""","75kg 165lbs","Der.","LD","1","31 dic. 2026","€13K","€1.8M","€0","1","No","2"
"226772","Joaquín Laso","https://sofifa.com/player/226772/joaquin-laso/270002/","https://cdn.sofifa.net/players/226/772/27_120.png","DFC","Argentina","Tigre","111715","2025","2026","35","71","73","1990","185cm 6'1""","75kg 165lbs","Der.","DFC","2","N/A","€7K","€775K","€1.2M","1","No","2"
"279934","Ian Subiabre","https://sofifa.com/player/279934/ian-subiabre/270002/","https://cdn.sofifa.net/players/279/934/27_120.png","MI/MD/DC/EI/ED","Argentina/Chile","Tigre","111715","","","19","71","85","2007","171cm 5'7""","71kg 157lbs","Izq.","MI","14","30 jun. 2027","€9K","€4.4M","€88M","1","Sí","25"
"278430","Lautaro Vargas","https://sofifa.com/player/278430/lautaro-vargas/270002/","https://cdn.sofifa.net/players/278/430/27_120.png","LD/MD/ED","Argentina","Club Atlético Unión","111716","2024","2026","21","71","82","2005","173cm 5'8""","70kg 154lbs","Der.","LD","11","N/A","€6K","€4M","€6.8M","1","No","35"
"258846","Agustín Álvarez","https://sofifa.com/player/258846/agustin-alvarez/270002/","https://cdn.sofifa.net/players/258/846/27_120.png","DC/MCO","Uruguay","Talleres","112670","","","25","71","76","2001","177cm 5'10""","75kg 165lbs","Der.","DC","5","30 jun. 2027","€16K","€2.8M","€0","1","No","9"
"263502","Franco Zapiola","https://sofifa.com/player/263502/franco-zapiola/270002/","https://cdn.sofifa.net/players/263/502/27_120.png","MI/MCO/EI/MC","Argentina","Platense","112689","2024","2027","25","71","74","2001","176cm 5'9""","70kg 154lbs","Izq.","MI","3","N/A","€9K","€2.5M","€3.9M","1","No","10"
"260030","Junior Marabel","https://sofifa.com/player/260030/junior-marabel/270002/","https://cdn.sofifa.net/players/260/030/27_120.png","DC","Paraguay","Club Atlético Sarmiento","112713","","","28","71","71","1998","182cm 6'0""","85kg 187lbs","Der.","DC","0","31 dic. 2026","€10K","€1.9M","€0","1","No","27"
"266310","Cristian Zabala","https://sofifa.com/player/266310/cristian-zabala/270002/","https://cdn.sofifa.net/players/266/310/27_120.png","MC/MCD","Argentina","Club Atlético Sarmiento","112713","2026","2026","28","71","72","1998","187cm 6'2""","77kg 170lbs","Der.","MC","1","N/A","€9K","€2M","€3.1M","1","No","15"
"214384","Felipe Aguilar","https://sofifa.com/player/214384/felipe-aguilar/270002/","https://cdn.sofifa.net/players/214/384/27_120.png","DFC","Colombia","Central Cordoba SdE","112965","2026","2031","33","71","73","1993","190cm 6'3""","82kg 181lbs","Der.","DFC","2","N/A","€10K","€1.2M","€1.8M","1","No","21"
"230964","Michael Santos","https://sofifa.com/player/230964/michael-santos/270002/","https://cdn.sofifa.net/players/230/964/27_120.png","DC","Uruguay","Central Cordoba SdE","112965","","","33","71","76","1993","176cm 5'9""","73kg 161lbs","Der.","DC","5","31 dic. 2026","€12K","€1.9M","€0","1","No","27"
"252239","Lucas González","https://sofifa.com/player/252239/lucas-gonzalez/270002/","https://cdn.sofifa.net/players/252/239/27_120.png","MC/MCD/MCO","Argentina","Central Cordoba SdE","112965","","","26","71","74","2000","169cm 5'7""","68kg 150lbs","Der.","MCO","3","31 dic. 2026","€11K","€2.4M","€0","1","Sí","18"
"235684","Yonatthan Rak","https://sofifa.com/player/235684/yonatthan-rak/270002/","https://cdn.sofifa.net/players/235/684/27_120.png","DFC","Uruguay/Italia","Barracas Central","113044","2025","2026","32","71+1","72+1","1993","188cm 6'2""","73kg 161lbs","Der.","DFC","1","N/A","€9K","€1.4M","€2.2M","1","No","15"
"266867","Iván Tapia","https://sofifa.com/player/266867/ivan-tapia/270002/","https://cdn.sofifa.net/players/266/867/27_120.png","MC/MCD/MCO","Argentina/Italia","Barracas Central","113044","2019","2026","27","71","75","1998","179cm 5'10""","74kg 163lbs","Der.","MCO","4","N/A","€9K","€2.5M","€3.9M","1","No","10"
"272946","Rodrigo Insua","https://sofifa.com/player/272946/rodrigo-insua/270002/","https://cdn.sofifa.net/players/272/946/27_120.png","LI/MI/EI","Argentina/España","Barracas Central","113044","2023","2026","28","71-1","75-1","1997","181cm 5'11""","76kg 168lbs","Izq.","LI","4","N/A","€9K","€2.2M","€3.5M","1","No","6"
"215250","César Rigamonti","https://sofifa.com/player/215250/cesar-rigamonti/270002/","https://cdn.sofifa.net/players/215/250/27_120.png","POR","Argentina","Gimnasia y Esgrima de Mendoza","113050","2026","2026","39","71","73","1987","186cm 6'1""","90kg 198lbs","Der.","POR","2","N/A","€4K","€475K","€724K","1","No","23"
"258455","Alejandro Cabrera","https://sofifa.com/player/258455/alejandro-cabrera/270002/","https://cdn.sofifa.net/players/258/455/27_120.png","MC/MCD","Argentina","Estudiantes de Río Cuarto","115470","","","33","71","73","1992","185cm 6'1""","85kg 187lbs","Der.","MC","2","31 dic. 2026","€9K","€1.4M","€0","1","No","5"
"70703","Matías Reali","https://sofifa.com/player/70703/matias-reali/270002/","https://cdn.sofifa.net/players/070/703/27_120.png","MI/DC/MD/EI/MCO/ED","Argentina","San Lorenzo de Almagro","1013","2024","2027","28","70","70","1997","165cm 5'5""","64kg 141lbs","Der.","MI","0","N/A","€10K","€1.6M","€2.4M","1","No","11"
"79782","Rodrigo Auzmendi","https://sofifa.com/player/79782/rodrigo-auzmendi/270002/","https://cdn.sofifa.net/players/079/782/27_120.png","DC","Argentina","San Lorenzo de Almagro","1013","","","25","70","75","2001","191cm 6'3""","86kg 190lbs","Der.","DC","5","31 dic. 2026","€8K","€2.4M","€0","1","No","29"
"219525","Ezequiel Cerutti","https://sofifa.com/player/219525/ezequiel-cerutti/270002/","https://cdn.sofifa.net/players/219/525/27_120.png","MD/EI/ED/MI","Argentina/Italia","San Lorenzo de Almagro","1013","2019","2026","34","70","76","1992","169cm 5'7""","75kg 165lbs","Der.","MD","6","N/A","€10K","€1.4M","€2.4M","1","No","7"
"225282","José Devecchi","https://sofifa.com/player/225282/jose-devecchi/270002/","https://cdn.sofifa.net/players/225/282/27_120.png","POR","Argentina/Italia","San Lorenzo de Almagro","1013","2014","2026","30","70","74","1995","188cm 6'2""","81kg 179lbs","Der.","POR","4","N/A","€6K","€1.5M","€2.4M","1","No","25"
"261161","Milton Giménez","https://sofifa.com/player/261161/milton-gimenez/270002/","https://cdn.sofifa.net/players/261/161/27_120.png","DC","Argentina/Paraguay","Boca Juniors","1877","2024","2027","29","70-1","73","1996","184cm 6'0""","83kg 183lbs","Der.","DC","3","N/A","€13K","€1.9M","€2.8M","1","No","9"
"268619","Leandro Brey","https://sofifa.com/player/268619/leandro-brey/270002/","https://cdn.sofifa.net/players/268/619/27_120.png","POR","Argentina","Boca Juniors","1877","2022","2029","23","70","78","2002","193cm 6'4""","89kg 196lbs","Der.","POR","8","N/A","€6K","€3.1M","€5M","1","No","12"
"75073","Fabricio Pérez","https://sofifa.com/player/75073/fabricio-perez/270002/","https://cdn.sofifa.net/players/075/073/27_120.png","MI/MD/MCO/EI/ED/MC","Argentina","Estudiantes de La Plata","101083","2024","2027","20","70","79","2005","180cm 5'11""","70kg 154lbs","Der.","MI","9","N/A","€8K","€3.5M","€6M","1","No","29"
"259016","Miguel Monsalve","https://sofifa.com/player/259016/miguel-monsalve/270002/","https://cdn.sofifa.net/players/259/016/27_120.png","MCO/EI/MC","Colombia","Estudiantes de La Plata","101083","2026","2030","22","70","81","2004","177cm 5'10""","73kg 161lbs","Der.","MCO","11","N/A","€9K","€3.6M","€6.1M","1","No","34"
"276829","Fabricio Iacovich","https://sofifa.com/player/276829/fabricio-iacovich/270002/","https://cdn.sofifa.net/players/276/829/27_120.png","POR","Argentina/Croacia","Estudiantes de La Plata","101083","2021","2027","24","70","76","2002","198cm 6'6""","93kg 205lbs","Izq.","POR","6","N/A","€5K","€2M","€3.4M","1","No","1"
"275343","Baltasar Rodríguez","https://sofifa.com/player/275343/baltasar-rodriguez/270002/","https://cdn.sofifa.net/players/275/343/27_120.png","MC/MI/MD/MCO/EI/ED","Argentina","Estudiantes de La Plata","101083","2026","2030","22","70","79","2003","173cm 5'8""","64kg 141lbs","Der.","MCO","9","N/A","€9K","€3.6M","€6.1M","1","Sí","31"
"240956","Matías Melluso","https://sofifa.com/player/240956/matias-melluso/270002/","https://cdn.sofifa.net/players/240/956/27_120.png","LI","Argentina","Gimnasia y Esgrima La Plata","101084","2026","2026","28","70","73","1998","170cm 5'7""","63kg 139lbs","Izq.","LI","3","N/A","€10K","€1.8M","€2.8M","1","No","22"
"255605","Harlen Castillo","https://sofifa.com/player/255605/harlen-castillo/270002/","https://cdn.sofifa.net/players/255/605/27_120.png","POR","Colombia","Gimnasia y Esgrima La Plata","101084","2026","2027","32","70","71","1993","188cm 6'2""","69kg 152lbs","Der.","POR","1","N/A","€6K","€925K","€1.5M","1","No","15"
"270215","Ezequiel Cannavó","https://sofifa.com/player/270215/ezequiel-cannavo/270002/","https://cdn.sofifa.net/players/270/215/27_120.png","LD/MD/ED","Argentina/Italia","Racing Club","101085","","","24","70","77","2002","183cm 6'0""","78kg 172lbs","Der.","LD","7","31 dic. 2026","€8K","€3M","€0","1","No","4"
"74853","Thiago Silvero","https://sofifa.com/player/74853/thiago-silvero/270002/","https://cdn.sofifa.net/players/074/853/27_120.png","DFC/LD","Argentina/Paraguay","Vélez Sarsfield","101088","2025","2028","20","70+1","80","2006","188cm 6'2""","91kg 201lbs","Der.","DFC","10","N/A","€7K","€3.3M","€5.6M","1","No","32"
"262566","Facundo Zabala","https://sofifa.com/player/262566/facundo-zabala/270002/","https://cdn.sofifa.net/players/262/566/27_120.png","LI/MI","Argentina/España","Independiente","110093","2025","2028","27","70","71","1999","172cm 5'8""","68kg 150lbs","Izq.","LI","1","N/A","€8K","€1.7M","€2.7M","1","No","22"
"273012","Sebastián Valdéz","https://sofifa.com/player/273012/sebastian-valdez/270002/","https://cdn.sofifa.net/players/273/012/27_120.png","DFC","Argentina","Independiente","110093","2025","2027","30","70","71","1995","191cm 6'3""","81kg 179lbs","Der.","DFC","1","N/A","€8K","€1.4M","€2.2M","1","No","36"
"238320","Matías Sepúlveda","https://sofifa.com/player/238320/matias-sepulveda/270002/","https://cdn.sofifa.net/players/238/320/27_120.png","MD/MCO/ED/MC","Chile","Lanús","110395","2026","2029","27","70","70","1999","185cm 6'1""","76kg 168lbs","Izq.","MD","0","N/A","€10K","€1.7M","€2.6M","1","No","16"
"264323","Felipe Peña Biafore","https://sofifa.com/player/264323/felipe-pena-biafore/270002/","https://cdn.sofifa.net/players/264/323/27_120.png","MCD/MC/DFC","Argentina","Lanús","110395","2024","2028","25","70","73","2001","180cm 5'11""","76kg 168lbs","Der.","MCD","3","N/A","€10K","€1.9M","€3M","1","No","5"
"268431","Ronaldo Dejesús","https://sofifa.com/player/268431/ronaldo-dejesus/270002/","https://cdn.sofifa.net/players/268/431/27_120.png","DFC","Paraguay/Brasil","Lanús","110395","2025","2027","25","70","73","2001","192cm 6'4""","90kg 198lbs","Der.","DFC","3","N/A","€10K","€1.9M","€3M","1","No","35"
"272911","Franco Watson","https://sofifa.com/player/272911/franco-watson/270002/","https://cdn.sofifa.net/players/272/911/27_120.png","MCO/MC","Argentina/Italia","Lanús","110395","2023","2027","23","70","76","2002","177cm 5'10""","73kg 161lbs","Der.","MCO","6","N/A","€9K","€2.5M","€4.3M","1","No","8"
"274858","Allan Wlk","https://sofifa.com/player/274858/allan-wlk/270002/","https://cdn.sofifa.net/players/274/858/27_120.png","DC","Paraguay","Lanús","110395","2026","2030","23","70","78","2003","188cm 6'2""","74kg 163lbs","Der.","DC","8","N/A","€10K","€3.6M","€6.1M","1","No","20"
"76997","Santiago López García","https://sofifa.com/player/76997/santiago-lopez-garcia/270002/","https://cdn.sofifa.net/players/076/997/27_120.png","LD/MD/MC/ED/MCD","Argentina","CA Banfield","110404","2026","2028","28","70","70","1997","180cm 5'11""","71kg 157lbs","Der.","LD","0","N/A","€8K","€1.4M","€2M","1","No","24"
"219451","Nehuén Paz","https://sofifa.com/player/219451/nehuen-paz/270002/","https://cdn.sofifa.net/players/219/451/27_120.png","DFC","Argentina/Italia","CA Banfield","110404","","","33","70","71","1993","192cm 6'4""","90kg 198lbs","Izq.","DFC","1","31 dic. 2027","€10K","€900K","€0","1","No","3"
"273767","Nicolás Meriano","https://sofifa.com/player/273767/nicolas-meriano/270002/","https://cdn.sofifa.net/players/273/767/27_120.png","DFC/LI/MCD","Argentina/Italia","CA Banfield","110404","","","25","70","73","2000","192cm 6'4""","84kg 185lbs","Izq.","DFC","3","31 dic. 2026","€9K","€1.9M","€0","1","No","6"
"243477","Tomás Badaloni","https://sofifa.com/player/243477/tomas-badaloni/270002/","https://cdn.sofifa.net/players/243/477/27_120.png","DC","Argentina/Italia","Rosario Central","110580","2026","2030","26","70","73","2000","186cm 6'1""","82kg 181lbs","Izq.","DC","3","N/A","€10K","€2.1M","€3.3M","1","No","16"
"247776","Jhon Córdoba","https://sofifa.com/player/247776/jhon-cordoba/270002/","https://cdn.sofifa.net/players/247/776/27_120.png","ED/MD/DC/MCO","Colombia","Instituto Atlético Central Córdoba","110953","2026","2029","25","70","73","2000","181cm 5'11""","76kg 168lbs","Der.","ED","3","N/A","€8K","€2.1M","€3.3M","1","No","20"
"226616","Jonathan Galván","https://sofifa.com/player/226616/jonathan-galvan/270002/","https://cdn.sofifa.net/players/226/616/27_120.png","DFC","Argentina","Instituto Atlético Central Córdoba","110953","","","34","70","72","1992","180cm 5'11""","81kg 179lbs","Der.","DFC","2","31 dic. 2026","€9K","€750K","€0","1","No","30"
"231479","Leonel Mosevich","https://sofifa.com/player/231479/leonel-mosevich/270002/","https://cdn.sofifa.net/players/231/479/27_120.png","DFC","Argentina","Instituto Atlético Central Córdoba","110953","","","29","70+2","70+2","1997","187cm 6'2""","81kg 179lbs","Der.","DFC","0","31 dic. 2026","€9K","€1.3M","€0","1","No","26"
"241833","Kevin Gutiérrez","https://sofifa.com/player/241833/kevin-gutierrez/270002/","https://cdn.sofifa.net/players/241/833/27_120.png","MCD/MC","Argentina","Argentinos Juniors","111019","2026","2030","29","70","71","1997","168cm 5'6""","65kg 143lbs","Der.","MCD","1","N/A","€9K","€1.5M","€2.4M","1","No","15"
"69957","Juan Manuel Elordi","https://sofifa.com/player/69957/juan-manuel-elordi/270002/","https://cdn.sofifa.net/players/069/957/27_120.png","LI/MI/MC/EI","Argentina","Independiente Rivadavia","111020","","","31","70+1","70","1994","176cm 5'9""","70kg 154lbs","Izq.","LI","0","31 dic. 2026","€11K","€1.2M","€0","1","No","3"
"76718","Matías Fernández","https://sofifa.com/player/76718/matias-fernandez/270002/","https://cdn.sofifa.net/players/076/718/27_120.png","MCO/MD/MC/ED/MCD","Argentina","Independiente Rivadavia","111020","2026","2026","25","70+1","77+1","2001","173cm 5'8""","65kg 143lbs","Der.","MCO","7","N/A","€10K","€3.1M","€5.3M","1","No","10"
"82139","Nicolás Bolcato","https://sofifa.com/player/82139/nicolas-bolcato/270002/","https://cdn.sofifa.net/players/082/139/27_120.png","POR","Argentina","Independiente Rivadavia","111020","2026","2026","22","70+2","82+2","2004","190cm 6'3""","82kg 181lbs","Der.","POR","12","N/A","€5K","€3.4M","€5.8M","1","No","30"
"224511","Ezequiel Bonifacio","https://sofifa.com/player/224511/ezequiel-bonifacio/270002/","https://cdn.sofifa.net/players/224/511/27_120.png","LD/MD/LI/ED/MI","Argentina/Italia","Independiente Rivadavia","111020","2025","2027","32","70","73","1994","170cm 5'7""","69kg 152lbs","Der.","LD","3","N/A","€10K","€1.4M","€2.2M","1","No","36"
"254361","Iván Villalba","https://sofifa.com/player/254361/ivan-villalba/270002/","https://cdn.sofifa.net/players/254/361/27_120.png","DFC","Paraguay","Independiente Rivadavia","111020","2024","2027","31","70","70","1995","182cm 6'0""","84kg 185lbs","Der.","DFC","0","N/A","€10K","€1.1M","€1.7M","1","No","40"
"266161","Gonzalo Ríos","https://sofifa.com/player/266161/gonzalo-rios/270002/","https://cdn.sofifa.net/players/266/161/27_120.png","MI/MD/MC/EI/ED/MCD","Argentina","Independiente Rivadavia","111020","2024","2026","27","70+1","71+2","1999","172cm 5'8""","66kg 146lbs","Der.","MI","1","N/A","€10K","€1.8M","€2.8M","1","No","11"
"71546","Alcides Benítez","https://sofifa.com/player/71546/alcides-benitez/270002/","https://cdn.sofifa.net/players/071/546/27_120.png","LD/MD","Paraguay","Belgrano de Córdoba","111022","2026","2029","24","70","76","2002","168cm 5'6""","61kg 134lbs","Der.","LD","6","N/A","€8K","€2.4M","€4.1M","1","No","26"
"272490","Leonard Costa","https://sofifa.com/player/272490/leonard-costa/270002/","https://cdn.sofifa.net/players/272/490/27_120.png","DFC","Uruguay","Independiente Rivadavia","111020","2025","2027","27","70+1","70+1","1998","185cm 6'1""","79kg 174lbs","Der.","DFC","0","N/A","€10K","€1.5M","€2.3M","1","No","2"
"232437","Federico Ricca","https://sofifa.com/player/232437/federico-ricca/270002/","https://cdn.sofifa.net/players/232/437/27_120.png","LI/DFC/MCD","Uruguay/Italia","Belgrano de Córdoba","111022","2025","2026","31","70","76","1994","179cm 5'10""","73kg 161lbs","Izq.","LI","6","N/A","€10K","€1.8M","€3.1M","1","Sí","16"
"184144","Nicolás Gaitán","https://sofifa.com/player/184144/nicolas-gaitan/270002/","https://cdn.sofifa.net/players/184/144/27_120.png","MCO/MI/MC","Argentina","CA Aldosivi","111707","2026","2029","38","70","85","1988","173cm 5'8""","66kg 146lbs","Izq.","MCO","15","N/A","€6K","€2.6M","€5.5M","1","Sí","10"
"205633","Lucas Castro","https://sofifa.com/player/205633/lucas-castro/270002/","https://cdn.sofifa.net/players/205/633/27_120.png","MC/MCO/MCD","Argentina","CA Aldosivi","111707","2026","2027","37","70","78","1989","182cm 6'0""","77kg 170lbs","Der.","MC","8","N/A","€6K","€2.2M","€3.7M","1","No","19"
"220624","Lucas Acosta","https://sofifa.com/player/220624/lucas-acosta/270002/","https://cdn.sofifa.net/players/220/624/27_120.png","POR","Argentina","CA Aldosivi","111707","2026","2027","31","70","71","1995","187cm 6'2""","82kg 181lbs","Der.","POR","1","N/A","€5K","€975K","€1.5M","1","No","42"
"231247","Braian Cufré","https://sofifa.com/player/231247/braian-cufre/270002/","https://cdn.sofifa.net/players/231/247/27_120.png","LI/MI/EI","Argentina","CA Aldosivi","111707","2026","2029","29","70","74","1996","178cm 5'10""","79kg 174lbs","Izq.","LI","4","N/A","€8K","€1.8M","€2.8M","1","No","13"
"236670","Nicolás Zalazar","https://sofifa.com/player/236670/nicolas-zalazar/270002/","https://cdn.sofifa.net/players/236/670/27_120.png","DFC","Argentina","CA Aldosivi","111707","2026","2026","29","70","70-1","1997","185cm 6'1""","77kg 170lbs","Der.","DFC","0","N/A","€8K","€1.3M","€2M","1","No","33"
"257338","Renzo Tesuri","https://sofifa.com/player/257338/renzo-tesuri/270002/","https://cdn.sofifa.net/players/257/338/27_120.png","MD/MCO/MC/ED","Argentina","Atlético Tucumán","111708","2021","2028","30","70-1","71","1996","166cm 5'5""","60kg 132lbs","Der.","MD","1","N/A","€8K","€1.7M","€2.7M","1","No","11"
"245061","Julián López","https://sofifa.com/player/245061/julian-lopez/270002/","https://cdn.sofifa.net/players/245/061/27_120.png","MCD/MC","Argentina","Defensa y Justicia","111710","2023","2026","26","70","73","2000","186cm 6'1""","75kg 165lbs","Der.","MCD","3","N/A","€9K","€1.9M","€3M","1","Sí","5"
"253246","Rodrigo Fernández Cedrés","https://sofifa.com/player/253246/rodrigo-fernandez-cedres/270002/","https://cdn.sofifa.net/players/253/246/27_120.png","MCD/MC","Uruguay","Huracán","111711","","","30","70","70","1996","174cm 5'9""","74kg 163lbs","Der.","MCD","0","31 dic. 2027","€8K","€1.3M","€0","1","No","5"
"253384","César Ibáñez","https://sofifa.com/player/253384/cesar-ibanez/270002/","https://cdn.sofifa.net/players/253/384/27_120.png","LI","Argentina","Huracán","111711","2019","2028","27","70+1","71+1","1999","179cm 5'10""","75kg 165lbs","Izq.","LI","1","N/A","€9K","€1.7M","€2.7M","1","No","25"
"268508","Jordy Caicedo","https://sofifa.com/player/268508/jordy-caicedo/270002/","https://cdn.sofifa.net/players/268/508/27_120.png","DC","Ecuador","Huracán","111711","","","28","70+1","70+1","1997","187cm 6'2""","82kg 181lbs","Der.","DC","0","31 dic. 2026","€7K","€1.6M","€0","1","No","9"
"70690","Jabes Saralegui","https://sofifa.com/player/70690/jabes-saralegui/270002/","https://cdn.sofifa.net/players/070/690/27_120.png","MD/MC/ED/MCD","Argentina","Tigre","111715","","","23","70","78","2003","181cm 5'11""","75kg 165lbs","Der.","MD","8","31 dic. 2026","€10K","€3.5M","€0","1","No","10"
"256145","Felipe Zenobio","https://sofifa.com/player/256145/felipe-zenobio/270002/","https://cdn.sofifa.net/players/256/145/27_120.png","POR","Argentina","Tigre","111715","2019","2029","26","70","73","2000","183cm 6'0""","74kg 163lbs","Der.","POR","3","N/A","€5K","€1.6M","€2.5M","1","No","12"
"258082","Ignacio Russo","https://sofifa.com/player/258082/ignacio-russo/270002/","https://cdn.sofifa.net/players/258/082/27_120.png","DC","Argentina","Tigre","111715","2026","2028","25","70","73","2000","175cm 5'9""","77kg 170lbs","Der.","DC","3","N/A","€8K","€2.1M","€3.3M","1","No","29"
"259883","Mauro Méndez","https://sofifa.com/player/259883/mauro-mendez/270002/","https://cdn.sofifa.net/players/259/883/27_120.png","DC","Uruguay","Tigre","111715","2026","2029","27","70","71","1999","176cm 5'9""","75kg 165lbs","Der.","DC","1","N/A","€9K","€1.9M","€3M","1","No","33"
"263504","Bruno Leyes","https://sofifa.com/player/263504/bruno-leyes/270002/","https://cdn.sofifa.net/players/263/504/27_120.png","MCD/MC","Argentina","Tigre","111715","2025","2026","24","70","77","2001","173cm 5'8""","76kg 168lbs","Izq.","MCD","7","N/A","€7K","€3M","€5.1M","1","No","5"
"253908","Mauro Luna Diale","https://sofifa.com/player/253908/mauro-luna-diale/270002/","https://cdn.sofifa.net/players/253/908/27_120.png","MC/DC/MCD","Argentina","Club Atlético Unión","111716","2024","2028","27","70","72","1999","173cm 5'8""","71kg 157lbs","Der.","MD","2","N/A","€8K","€1.9M","€3M","1","No","11"
"258289","Juan Sforza","https://sofifa.com/player/258289/juan-sforza/270002/","https://cdn.sofifa.net/players/258/289/27_120.png","MC/MCD","Argentina/Italia","Talleres","112670","2026","2030","24","70","79","2002","180cm 5'11""","76kg 168lbs","Izq.","MC","9","N/A","€8K","€3.5M","€6M","1","No","15"
"76488","Maximiliano Amarfil","https://sofifa.com/player/76488/maximiliano-amarfil/270002/","https://cdn.sofifa.net/players/076/488/27_120.png","MC/MCD/MD/DFC/ED","Argentina","Platense","112689","","","24","70","73","2001","174cm 5'9""","65kg 143lbs","Der.","MC","3","31 dic. 2026","€9K","€2.2M","€0","1","No","15"
"233372","Bautista Merlini","https://sofifa.com/player/233372/bautista-merlini/270002/","https://cdn.sofifa.net/players/233/372/27_120.png","MCO/MI/MD/MC/EI/ED","Argentina","Platense","112689","2026","2026","30","70","74","1995","167cm 5'6""","65kg 143lbs","Der.","MCO","4","N/A","€9K","€2M","€3.2M","1","No","18"
"235987","Iván Gómez","https://sofifa.com/player/235987/ivan-gomez/270002/","https://cdn.sofifa.net/players/235/987/27_120.png","MC/MCO/MCD","Argentina","Platense","112689","2024","2027","29","70","72","1997","167cm 5'6""","60kg 132lbs","Der.","MC","2","N/A","€9K","€1.8M","€2.8M","1","No","5"
"241025","Leonardo Heredia","https://sofifa.com/player/241025/leonardo-heredia/270002/","https://cdn.sofifa.net/players/241/025/27_120.png","DC/EI/MI","Argentina","Platense","112689","","","30","70","72","1996","185cm 6'1""","79kg 174lbs","Der.","DC","2","31 dic. 2026","€10K","€1.8M","€0","1","No","23"
"242002","Guido Mainero","https://sofifa.com/player/242002/guido-mainero/270002/","https://cdn.sofifa.net/players/242/002/27_120.png","MD/ED","Argentina","Platense","112689","2024","2027","31","70","70","1995","177cm 5'10""","76kg 168lbs","Der.","MD","0","N/A","€9K","€1.3M","€2M","1","No","7"
"242019","Augusto Lotti","https://sofifa.com/player/242019/augusto-lotti/270002/","https://cdn.sofifa.net/players/242/019/27_120.png","DC/MCO","Argentina/Italia","Platense","112689","2024","2026","30","70","71","1996","179cm 5'10""","70kg 154lbs","Der.","DC","1","N/A","€10K","€1.7M","€2.7M","1","No","21"
"252192","Agustín Lagos","https://sofifa.com/player/252192/agustin-lagos/270002/","https://cdn.sofifa.net/players/252/192/27_120.png","LD","Argentina","Platense","112689","","","24","70","75","2001","184cm 6'0""","76kg 168lbs","Der.","LD","5","31 dic. 2026","€8K","€2.2M","€0","1","No","4"
"274736","Juan Saborido","https://sofifa.com/player/274736/juan-saborido/270002/","https://cdn.sofifa.net/players/274/736/27_120.png","LD","Argentina","Platense","112689","2024","2027","28","70","70","1998","178cm 5'10""","73kg 161lbs","Der.","LD","0","N/A","€9K","€1.4M","€2.1M","1","No","25"
"153060","Juan Manuel Insaurralde","https://sofifa.com/player/153060/juan-manuel-insaurralde/270002/","https://cdn.sofifa.net/players/153/060/27_120.png","DFC","Argentina","Club Atlético Sarmiento","112713","2023","2026","41","70","75","1984","188cm 6'2""","87kg 192lbs","Izq.","DFC","5","N/A","€7K","€0","€0","1","No","2"
"215123","Alan Aguerre","https://sofifa.com/player/215123/alan-aguerre/270002/","https://cdn.sofifa.net/players/215/123/27_120.png","POR","Argentina","Central Cordoba SdE","112965","2025","2026","35","70","76","1990","181cm 5'11""","76kg 168lbs","Der.","POR","6","N/A","€3K","€850K","€1.4M","1","No","1"
"238298","Marcelo Miño","https://sofifa.com/player/238298/marcelo-mino/270002/","https://cdn.sofifa.net/players/238/298/27_120.png","POR","Argentina","Barracas Central","113044","2026","2026","28","70+1","74+1","1997","186cm 6'1""","80kg 176lbs","Der.","POR","4","N/A","€5K","€1.6M","€2.5M","1","No","30"
"254714","Juan Espínola","https://sofifa.com/player/254714/juan-espinola/270002/","https://cdn.sofifa.net/players/254/714/27_120.png","POR","Paraguay","Barracas Central","113044","","","31","70-1","73","1994","186cm 6'1""","90kg 198lbs","Der.","POR","3","31 dic. 2026","€6K","€1.2M","€0","1","No","1"
"271933","Gonzalo Morales","https://sofifa.com/player/271933/gonzalo-morales/270002/","https://cdn.sofifa.net/players/271/933/27_120.png","DC","Argentina","Barracas Central","113044","","","23","70","79","2003","178cm 5'10""","83kg 183lbs","Izq.","DC","9","31 dic. 2026","€11K","€3.6M","€0","1","No","9"
"279831","Tomás Porra","https://sofifa.com/player/279831/tomas-porra/270002/","https://cdn.sofifa.net/players/279/831/27_120.png","MC/LI/MD/MCD/MI/LD","Argentina","Barracas Central","113044","2025","2026","22","70+2","79","2004","173cm 5'8""","72kg 159lbs","Izq.","MCO","9","N/A","€7K","€3.6M","€6.1M","1","No","8"
"278432","Facundo Lencioni","https://sofifa.com/player/278432/facundo-lencioni/270002/","https://cdn.sofifa.net/players/278/432/27_120.png","MI/LI/MC/EI/MCD","Argentina","Gimnasia y Esgrima de Mendoza","113050","","","25","70","73","2001","179cm 5'10""","77kg 170lbs","Der.","MI","3","31 dic. 2026","€9K","€2.1M","€0","1","No","26"
"70157","Gonzalo Maffini","https://sofifa.com/player/70157/gonzalo-maffini/270002/","https://cdn.sofifa.net/players/070/157/27_120.png","DFC","Argentina","Estudiantes de Río Cuarto","115470","2016","2026","33","70+1","71+1","1993","191cm 6'3""","83kg 183lbs","Der.","DFC","1","N/A","€8K","€900K","€1.4M","1","No","2"
"227477","Facundo Altamirano","https://sofifa.com/player/227477/facundo-altamirano/270002/","https://cdn.sofifa.net/players/227/477/27_120.png","POR","Argentina","San Lorenzo de Almagro","1013","2024","2026","30","69","72","1996","186cm 6'1""","85kg 187lbs","Der.","POR","3","N/A","€5K","€1.2M","€1.9M","1","No","20"
"227740","Danilo Arboleda","https://sofifa.com/player/227740/danilo-arboleda/270002/","https://cdn.sofifa.net/players/227/740/27_120.png","DFC","Colombia","San Lorenzo de Almagro","1013","2026","2028","31","69","70","1995","190cm 6'3""","87kg 192lbs","Der.","DFC","1","N/A","€8K","€1.1M","€1.7M","1","No","2"
"259962","Gustavo Del Prete","https://sofifa.com/player/259962/gustavo-del-prete/270002/","https://cdn.sofifa.net/players/259/962/27_120.png","DC/EI/MI","Argentina","San Lorenzo de Almagro","1013","2026","2030","30","69","73","1996","175cm 5'9""","64kg 141lbs","Izq.","DC","4","N/A","€9K","€1.8M","€2.8M","1","No","21"
"79246","Tobías Andrada","https://sofifa.com/player/79246/tobias-andrada/270002/","https://cdn.sofifa.net/players/079/246/27_120.png","MCD/MD/MCO/MC","Argentina","River Plate","1876","2026","2030","19","69","80","2007","179cm 5'10""","69kg 152lbs","Der.","MCO","11","N/A","€7K","€2.8M","€4.5M","1","No","50"
"199667","Ramiro Funes Mori","https://sofifa.com/player/199667/ramiro-funes-mori/270002/","https://cdn.sofifa.net/players/199/667/27_120.png","DFC","Argentina/EE.UU.","Estudiantes de La Plata","101083","2025","2026","35","69","77","1991","187cm 6'2""","79kg 174lbs","Izq.","DFC","8","N/A","€7K","€1.9M","€3.2M","1","Sí","26"
"215353","Lucas Alario","https://sofifa.com/player/215353/lucas-alario/270002/","https://cdn.sofifa.net/players/215/353/27_120.png","DC","Argentina/Italia","Estudiantes de La Plata","101083","2025","2026","33","69-1","79","1992","185cm 6'1""","78kg 172lbs","Der.","DC","10","N/A","€10K","€2.4M","€4.1M","1","Sí","27"
"81809","Nicolás Barros Schelotto","https://sofifa.com/player/81809/nicolas-barros-schelotto/270002/","https://cdn.sofifa.net/players/081/809/27_120.png","MCO/MC/MCD","Argentina","Gimnasia y Esgrima La Plata","101084","2025","2027","19","69+2","80","2006","181cm 5'11""","75kg 165lbs","Izq.","MCO","11","N/A","€6K","€3M","€5.1M","1","No","10"
"76705","Elías Torres","https://sofifa.com/player/76705/elias-torres/270002/","https://cdn.sofifa.net/players/076/705/27_120.png","DC/MCO","Argentina","Racing Club","101085","2025","2029","25","69","74","2001","186cm 6'1""","78kg 172lbs","Der.","DC","5","N/A","€10K","€2.1M","€3.3M","1","No","22"
"214977","Matías Kranevitter","https://sofifa.com/player/214977/matias-kranevitter/270002/","https://cdn.sofifa.net/players/214/977/27_120.png","MCD/DFC","Argentina/Italia","Racing Club","101085","2026","2027","33","69","77","1993","179cm 5'10""","76kg 168lbs","Der.","MCD","8","N/A","€10K","€2.2M","€3.7M","1","No","5"
"260140","Ronaldo Martínez","https://sofifa.com/player/260140/ronaldo-martinez/270002/","https://cdn.sofifa.net/players/260/140/27_120.png","DC/MCO/MI/EI","Paraguay","Vélez Sarsfield","101088","","","30","69","69","1996","174cm 5'9""","71kg 157lbs","Der.","DC","0","30 jun. 2027","€9K","€1.4M","€0","1","No","77"
"70437","Juan Manuel Fedorco","https://sofifa.com/player/70437/juan-manuel-fedorco/270002/","https://cdn.sofifa.net/players/070/437/27_120.png","DFC/LD/MCD","Argentina","Independiente","110093","2024","2027","25","69","70","2000","185cm 6'1""","80kg 176lbs","Der.","DFC","1","N/A","€7K","€1.5M","€2.4M","1","No","13"
"73252","Lautaro Millán","https://sofifa.com/player/73252/lautaro-millan/270002/","https://cdn.sofifa.net/players/073/252/27_120.png","MC/MCO/MD/ED","Chile/Argentina","Independiente","110093","2024","2027","20","69","79","2005","169cm 5'7""","65kg 143lbs","Der.","MC","10","N/A","€6K","€3M","€5.1M","1","No","14"
"222373","Luciano Cabral","https://sofifa.com/player/222373/luciano-cabral/270002/","https://cdn.sofifa.net/players/222/373/27_120.png","MCO/MC/MCD","Chile/Argentina","Independiente","110093","2025","2027","31","69","70","1995","170cm 5'7""","70kg 154lbs","Der.","MD","1","N/A","€8K","€1.3M","€2M","1","No","10"
"214226","Raúl Loaiza","https://sofifa.com/player/214226/raul-loaiza/270002/","https://cdn.sofifa.net/players/214/226/27_120.png","MCD/MC","Colombia","Lanús","110395","2022","2026","32","69","73","1994","180cm 5'11""","70kg 154lbs","Der.","MCD","4","N/A","€9K","€1.3M","€2M","1","No","15"
"237122","Tomás Guidara","https://sofifa.com/player/237122/tomas-guidara/270002/","https://cdn.sofifa.net/players/237/122/27_120.png","LD/MD/ED","Argentina/Albania","Lanús","110395","2026","2028","30","69","73","1996","173cm 5'8""","70kg 154lbs","Der.","LD","4","N/A","€9K","€1.6M","€2.5M","1","No","33"
"255873","Gonzalo Pérez","https://sofifa.com/player/255873/gonzalo-perez/270002/","https://cdn.sofifa.net/players/255/873/27_120.png","LD/MCD/DFC","Uruguay","Lanús","110395","2023","2027","25","69","72","2001","184cm 6'0""","72kg 159lbs","Der.","DFC","3","N/A","€8K","€1.7M","€2.7M","1","No","4"
"215147","Lautaro Giannetti","https://sofifa.com/player/215147/lautaro-giannetti/270002/","https://cdn.sofifa.net/players/215/147/27_120.png","DFC","Argentina/Italia","Newell's Old Boys","110396","2026","2028","32","69","76","1993","185cm 6'1""","80kg 176lbs","Der.","DFC","7","N/A","€8K","€2.1M","€3.5M","1","Sí","17"
"222587","Franco Escobar","https://sofifa.com/player/222587/franco-escobar/270002/","https://cdn.sofifa.net/players/222/587/27_120.png","LI/LD/MCD","Argentina/EE.UU.","Newell's Old Boys","110396","2026","2027","31","69","69","1995","180cm 5'11""","72kg 159lbs","Der.","LI","0","N/A","€8K","€1M","€1.5M","1","Sí","24"
"228730","Saúl Salcedo","https://sofifa.com/player/228730/saul-salcedo/270002/","https://cdn.sofifa.net/players/228/730/27_120.png","DFC","Paraguay","Newell's Old Boys","110396","2024","2027","28","69","73","1997","183cm 6'0""","75kg 165lbs","Der.","DFC","4","N/A","€8K","€1.6M","€2.4M","1","No","87"
"235675","Mateo García","https://sofifa.com/player/235675/mateo-garcia/270002/","https://cdn.sofifa.net/players/235/675/27_120.png","MI/MCO/EI/MC","Argentina/Italia","Newell's Old Boys","110396","2026","2027","29","69","71","1996","169cm 5'7""","65kg 143lbs","Izq.","MI","2","N/A","€8K","€1.6M","€2.4M","1","No","18"
"236803","Walter Mazzantti","https://sofifa.com/player/236803/walter-mazzantti/270002/","https://cdn.sofifa.net/players/236/803/27_120.png","MD/ED","Argentina","Newell's Old Boys","110396","","","29","69","70","1996","173cm 5'8""","68kg 150lbs","Der.","ED","1","31 dic. 2026","€8K","€1.5M","€0","1","No","7"
"76995","Ignacio Abraham","https://sofifa.com/player/76995/ignacio-abraham/270002/","https://cdn.sofifa.net/players/076/995/27_120.png","LI/MI/EI","Siria/Argentina","CA Banfield","110404","2026","2028","28","69","69","1998","174cm 5'9""","67kg 148lbs","Izq.","LI","0","N/A","€7K","€1.3M","€1.9M","1","No","27"
"77372","Ignacio Ovando","https://sofifa.com/player/77372/ignacio-ovando/270002/","https://cdn.sofifa.net/players/077/372/27_120.png","DFC","Argentina","Rosario Central","110580","2025","2027","19","69+1","81","2007","182cm 6'0""","75kg 165lbs","Der.","DFC","12","N/A","€6K","€3.1M","€5.3M","1","No","46"
"215213","Axel Werner","https://sofifa.com/player/215213/axel-werner/270002/","https://cdn.sofifa.net/players/215/213/27_120.png","POR","Argentina/Italia","Rosario Central","110580","","","30","69","72","1996","191cm 6'3""","85kg 187lbs","Der.","POR","3","30 jun. 2027","€5K","€1.2M","€0","1","Sí","1"
"228959","Fernando Alarcón","https://sofifa.com/player/228959/fernando-alarcon/270002/","https://cdn.sofifa.net/players/228/959/27_120.png","DFC","Argentina","Instituto Atlético Central Córdoba","110953","2022","2026","32","69+1","72","1994","185cm 6'1""","77kg 170lbs","Izq.","DFC","3","N/A","€7K","€1.2M","€1.9M","1","No","6"
"238127","Matías Tissera","https://sofifa.com/player/238127/matias-tissera/270002/","https://cdn.sofifa.net/players/238/127/27_120.png","DC","Argentina","Instituto Atlético Central Córdoba","110953","2026","2026","29","69","69","1996","174cm 5'9""","72kg 159lbs","Der.","DC","0","N/A","€8K","€1.4M","€2.1M","1","No","17"
"214968","Federico Mancuello","https://sofifa.com/player/214968/federico-mancuello/270002/","https://cdn.sofifa.net/players/214/968/27_120.png","MC/MCO/MCD","Argentina/Italia","Argentinos Juniors","111019","2026","2027","37","69","79","1989","177cm 5'10""","75kg 165lbs","Izq.","MC","10","N/A","€6K","€1.9M","€3.2M","1","No","45"
"242250","Gastón Verón","https://sofifa.com/player/242250/gaston-veron/270002/","https://cdn.sofifa.net/players/242/250/27_120.png","DC/MCO","Argentina","Argentinos Juniors","111019","2020","2026","25","69","73","2001","184cm 6'0""","82kg 181lbs","Der.","DC","4","N/A","€8K","€2M","€3.2M","1","No","9"
"272839","Matías Giménez","https://sofifa.com/player/272839/matias-gimenez/270002/","https://cdn.sofifa.net/players/272/839/27_120.png","DC/EI/MCO/MI","Argentina","Argentinos Juniors","111019","2025","2029","27","69","72","1999","185cm 6'1""","73kg 161lbs","Der.","SD","3","N/A","€8K","€1.8M","€2.8M","1","No","19"
"231258","Ramiro Macagno","https://sofifa.com/player/231258/ramiro-macagno/270002/","https://cdn.sofifa.net/players/231/258/27_120.png","POR","Argentina/Italia","Independiente Rivadavia","111020","2025","2027","29","69","71","1997","185cm 6'1""","77kg 170lbs","Der.","POR","2","N/A","€6K","€1.2M","€1.9M","1","No","12"
"232817","Ignacio Chicco","https://sofifa.com/player/232817/ignacio-chicco/270002/","https://cdn.sofifa.net/players/232/817/27_120.png","POR","Argentina","CA Aldosivi","111707","2026","2027","30","69","71","1996","184cm 6'0""","86kg 190lbs","Izq.","POR","2","N/A","€5K","€1.1M","€1.7M","1","No","23"
"257985","Lautaro Amadé","https://sofifa.com/player/257985/lautaro-amade/270002/","https://cdn.sofifa.net/players/257/985/27_120.png","POR","Argentina","Defensa y Justicia","111710","2020","2026","26","69","74","1999","192cm 6'4""","88kg 194lbs","Der.","POR","5","N/A","€5K","€1.6M","€2.5M","1","No","36"
"259361","Fernando Román","https://sofifa.com/player/259361/fernando-roman/270002/","https://cdn.sofifa.net/players/259/361/27_120.png","LI/DFC/MCD","Paraguay","Defensa y Justicia","111710","2026","2027","27","69+1","70+1","1998","180cm 5'11""","77kg 170lbs","Izq.","LI","1","N/A","€8K","€1.5M","€2.4M","1","No","3"
"267931","César Pérez","https://sofifa.com/player/267931/cesar-perez/270002/","https://cdn.sofifa.net/players/267/931/27_120.png","MCD/MC","Chile","Defensa y Justicia","111710","2024","2028","23","69+1","78+1","2002","176cm 5'9""","66kg 146lbs","Der.","MC","9","N/A","€7K","€2.9M","€4.9M","1","No","8"
"219536","Ignacio Pussetto","https://sofifa.com/player/219536/ignacio-pussetto/270002/","https://cdn.sofifa.net/players/219/536/27_120.png","DC/MCO","Argentina/Italia","Huracán","111711","","","30","69","76","1995","180cm 5'11""","74kg 163lbs","Der.","DC","7","31 dic. 2027","€8K","€2.6M","€0","1","Sí","23"
"255373","Bruno Barticciotto","https://sofifa.com/player/255373/bruno-barticciotto/270002/","https://cdn.sofifa.net/players/255/373/27_120.png","DC/MCO/EI/MC/MI","Chile/Italia","Huracán","111711","","","25","69-1","72-1","2001","176cm 5'9""","73kg 161lbs","Der.","ED","3","31 dic. 2026","€8K","€1.9M","€0","1","No","33"
"259786","Federico Vera","https://sofifa.com/player/259786/federico-vera/270002/","https://cdn.sofifa.net/players/259/786/27_120.png","LD","Argentina","Huracán","111711","","","28","69-1","70","1998","178cm 5'10""","74kg 163lbs","Der.","LD","1","31 dic. 2026","€7K","€1.4M","€0","1","No","4"
"258574","Nahuel Banegas","https://sofifa.com/player/258574/nahuel-banegas/270002/","https://cdn.sofifa.net/players/258/574/27_120.png","LI/MI","Argentina","Tigre","111715","2026","2028","29","69","70","1996","176cm 5'9""","80kg 176lbs","Izq.","LI","1","N/A","€7K","€1.3M","€2M","1","No","3"
"207440","Franco Fragapane","https://sofifa.com/player/207440/franco-fragapane/270002/","https://cdn.sofifa.net/players/207/440/27_120.png","MI/MCO/MC/EI/MCD","Argentina/Italia","Club Atlético Unión","111716","2025","2026","33","69","74","1993","167cm 5'6""","66kg 146lbs","Der.","MI","5","N/A","€7K","€1.4M","€2.2M","1","No","7"
"269619","Marcelo Estigarribia","https://sofifa.com/player/269619/marcelo-estigarribia/270002/","https://cdn.sofifa.net/players/269/619/27_120.png","DC/ED/MCO/MD","Argentina","Club Atlético Unión","111716","2025","2028","31","69","69","1995","181cm 5'11""","72kg 159lbs","Der.","DC","0","N/A","€8K","€1.2M","€1.8M","1","No","19"
"244757","Augusto Schott","https://sofifa.com/player/244757/augusto-schott/270002/","https://cdn.sofifa.net/players/244/757/27_120.png","LD/MD/DFC","Argentina","Talleres","112670","2020","2026","26","69","72","2000","174cm 5'9""","69kg 152lbs","Der.","LD","3","N/A","€7K","€1.7M","€2.7M","1","No","20"
"276817","Román Riquelme","https://sofifa.com/player/276817/roman-riquelme/270002/","https://cdn.sofifa.net/players/276/817/27_120.png","DFC","Argentina","Talleres","112670","2026","2030","24","69","77","2002","186cm 6'1""","78kg 172lbs","Der.","DFC","8","N/A","€6K","€2.9M","€4.9M","1","No","6"
"76991","Tomás Nasif","https://sofifa.com/player/76991/tomas-nasif/270002/","https://cdn.sofifa.net/players/076/991/27_120.png","DC","Argentina/Siria","Platense","112689","","","22","69","77","2004","185cm 6'1""","76kg 168lbs","Der.","DC","8","31 dic. 2026","€9K","€3.2M","€0","1","No","9"
"269599","Juan Carlos Gauto","https://sofifa.com/player/269599/juan-carlos-gauto/270002/","https://cdn.sofifa.net/players/269/599/27_120.png","MD/MI/MC/ED/EI/MCD","Argentina","Platense","112689","","","22","69","77","2004","172cm 5'8""","66kg 146lbs","Der.","MD","8","31 dic. 2026","€10K","€3.1M","€0","1","No","33"
"214462","Iván Mauricio Arboleda","https://sofifa.com/player/214462/ivan-mauricio-arboleda/270002/","https://cdn.sofifa.net/players/214/462/27_120.png","POR","Colombia","Club Atlético Sarmiento","112713","2026","2027","30","69","74","1996","182cm 6'0""","80kg 176lbs","Der.","POR","5","N/A","€5K","€1.4M","€2.1M","1","No","1"
"222378","Lucas Suárez","https://sofifa.com/player/222378/lucas-suarez/270002/","https://cdn.sofifa.net/players/222/378/27_120.png","DFC/LI/MCD","Argentina","Club Atlético Sarmiento","112713","","","31","69","69","1995","184cm 6'0""","81kg 179lbs","Izq.","DFC","0","31 dic. 2026","€8K","€950K","€0","1","No","3"
"247400","Carlos Villalba","https://sofifa.com/player/247400/carlos-villalba/270002/","https://cdn.sofifa.net/players/247/400/27_120.png","MC/MCD","Argentina","Club Atlético Sarmiento","112713","","","27","69","70","1998","175cm 5'9""","71kg 157lbs","Der.","MC","1","31 dic. 2026","€8K","€1.6M","€0","1","No","25"
"253953","Gastón González","https://sofifa.com/player/253953/gaston-gonzalez/270002/","https://cdn.sofifa.net/players/253/953/27_120.png","MI/EI/LI","Argentina","Club Atlético Sarmiento","112713","","","25","69","72","2001","183cm 6'0""","81kg 179lbs","Izq.","MI","3","31 dic. 2026","€8K","€1.8M","€0","1","No","11"
"255144","Renzo Orihuela","https://sofifa.com/player/255144/renzo-orihuela/270002/","https://cdn.sofifa.net/players/255/144/27_120.png","DFC/LD/MCD","Uruguay/Italia","Club Atlético Sarmiento","112713","2020","2026","25","69","75","2001","183cm 6'0""","74kg 163lbs","Der.","DFC","6","N/A","€6K","€1.9M","€3.1M","1","No","44"
"264733","Manuel García","https://sofifa.com/player/264733/manuel-garcia/270002/","https://cdn.sofifa.net/players/264/733/27_120.png","MCD/MC","Argentina","Club Atlético Sarmiento","112713","2020","2027","27","69","70","1999","180cm 5'11""","75kg 165lbs","Der.","MCD","1","N/A","€7K","€1.4M","€2.1M","1","No","5"
"240457","Alejandro Maciel","https://sofifa.com/player/240457/alejandro-maciel/270002/","https://cdn.sofifa.net/players/240/457/27_120.png","DFC","Argentina/Italia","Central Cordoba SdE","112965","2025","2027","29","69","69","1997","184cm 6'0""","88kg 194lbs","Der.","DFC","0","N/A","€8K","€1.2M","€1.7M","1","No","2"
"240743","Leonardo Sequeira","https://sofifa.com/player/240743/leonardo-sequeira/270002/","https://cdn.sofifa.net/players/240/743/27_120.png","DC/MD/MI/MCO/ED/EI","Argentina","Central Cordoba SdE","112965","","","31","69","71","1995","177cm 5'10""","80kg 176lbs","Der.","DC","2","31 dic. 2026","€9K","€1.4M","€0","1","No","28"
"76720","Kevin Jappert","https://sofifa.com/player/76720/kevin-jappert/270002/","https://cdn.sofifa.net/players/076/720/27_120.png","DFC/LD/MCD","Argentina/Italia","Barracas Central","113044","2026","2026","22","69+2","77","2004","189cm 6'2""","84kg 185lbs","Der.","DFC","8","N/A","€6K","€2.9M","€4.9M","1","No","14"
"215993","Dardo Miloc","https://sofifa.com/player/215993/dardo-miloc/270002/","https://cdn.sofifa.net/players/215/993/27_120.png","MCD/MC","Argentina/Italia","Barracas Central","113044","2024","2026","35","69","70","1990","177cm 5'10""","70kg 154lbs","Der.","MCD","1","N/A","€5K","€500K","€788K","1","No","5"
"234108","Gonzalo Maroni","https://sofifa.com/player/234108/gonzalo-maroni/270002/","https://cdn.sofifa.net/players/234/108/27_120.png","DC/MCO/MI","Argentina/Italia","Barracas Central","113044","","","27","69","74+3","1999","175cm 5'9""","74kg 163lbs","Der.","ED","5","31 dic. 2026","€11K","€2M","€0","1","No","33"
"235989","Norberto Briasco","https://sofifa.com/player/235989/norberto-briasco/270002/","https://cdn.sofifa.net/players/235/989/27_120.png","DC/EI/ED","Armenia/Argentina","Barracas Central","113044","","","30","69","71","1996","186cm 6'1""","82kg 181lbs","Der.","DC","2","31 dic. 2026","€11K","€1.6M","€0","1","No","11"
"255319","Jhonatan Candia","https://sofifa.com/player/255319/jhonatan-candia/270002/","https://cdn.sofifa.net/players/255/319/27_120.png","DC/ED/MD","Uruguay","Barracas Central","113044","2024","2026","31","69+1","70+1","1995","178cm 5'10""","79kg 174lbs","Der.","DC","1","N/A","€8K","€1.3M","€2M","1","No","20"
"267481","Facundo Bruera","https://sofifa.com/player/267481/facundo-bruera/270002/","https://cdn.sofifa.net/players/267/481/27_120.png","DC","Argentina/Italia","Barracas Central","113044","","","27","69-1","73+1","1998","194cm 6'4""","90kg 198lbs","Der.","DC","4","31 dic. 2027","€9K","€1.9M","€0","1","No","77"
"272857","Santiago Rodríguez","https://sofifa.com/player/272857/santiago-rodriguez/270002/","https://cdn.sofifa.net/players/272/857/27_120.png","DC/MCO","Argentina","Gimnasia y Esgrima de Mendoza","113050","","","28","69","70","1997","171cm 5'7""","73kg 161lbs","Izq.","DC","1","31 dic. 2026","€9K","€1.5M","€0","1","No","11"
"275336","Tomás O'Connor","https://sofifa.com/player/275336/tomas-oconnor/270002/","https://cdn.sofifa.net/players/275/336/27_120.png","MC/MCD/MCO","Argentina/República de Irlanda","Gimnasia y Esgrima de Mendoza","113050","","","22","69","77","2004","173cm 5'8""","70kg 154lbs","Izq.","MC","8","31 dic. 2026","€7K","€3.1M","€0","1","No","28"
"214940","Sergio Ojeda","https://sofifa.com/player/214940/sergio-ojeda/270002/","https://cdn.sofifa.net/players/214/940/27_120.png","DFC","Argentina","Estudiantes de Río Cuarto","115470","2026","2027","34","69+2","69+1","1992","183cm 6'0""","83kg 183lbs","Der.","DFC","0","N/A","€7K","€450K","€653K","1","No","30"
"236608","Lucas Bruera","https://sofifa.com/player/236608/lucas-bruera/270002/","https://cdn.sofifa.net/players/236/608/27_120.png","POR","Argentina","Estudiantes de Río Cuarto","115470","2024","2027","28","69","72","1997","188cm 6'2""","84kg 185lbs","Der.","POR","3","N/A","€5K","€1.3M","€2M","1","No","1"
"78081","Ignacio Perruzzi","https://sofifa.com/player/78081/ignacio-perruzzi/270002/","https://cdn.sofifa.net/players/078/081/27_120.png","MCD/MC/DFC","Argentina","San Lorenzo de Almagro","1013","2025","2028","21","68","81","2005","177cm 5'10""","80kg 176lbs","Der.","MCD","13","N/A","€5K","€2.8M","€6M","1","No","5"
"226170","Emiliano Amor","https://sofifa.com/player/226170/emiliano-amor/270002/","https://cdn.sofifa.net/players/226/170/27_120.png","DFC","Siria/España","San Lorenzo de Almagro","1013","2026","2027","31","68","72","1995","188cm 6'2""","88kg 194lbs","Der.","DFC","4","N/A","€8K","€1.2M","€1.9M","1","No","19"
"239491","Juan Pablo Álvarez","https://sofifa.com/player/239491/juan-pablo-alvarez/270002/","https://cdn.sofifa.net/players/239/491/27_120.png","MD/MI/MC/ED/EI/MCO","Argentina/Italia","San Lorenzo de Almagro","1013","2026","2029","30","68","73","1996","176cm 5'9""","72kg 159lbs","Der.","MD","5","N/A","€8K","€1.6M","€2.5M","1","No","22"
"245249","Manuel Insaurralde","https://sofifa.com/player/245249/manuel-insaurralde/270002/","https://cdn.sofifa.net/players/245/249/27_120.png","MC/MCD/LD","Argentina","San Lorenzo de Almagro","1013","2020","2026","27","68","69","1999","176cm 5'9""","76kg 168lbs","Der.","MC","1","N/A","€8K","€1.4M","€2.2M","1","No","8"
"253289","Guzmán Corujo","https://sofifa.com/player/253289/guzman-corujo/270002/","https://cdn.sofifa.net/players/253/289/27_120.png","DFC","Uruguay","San Lorenzo de Almagro","1013","2026","2026","29","68","74","1996","189cm 6'2""","85kg 187lbs","Der.","DFC","6","N/A","€8K","€1.5M","€2.6M","1","No","16"
"70679","Tobías Ramírez","https://sofifa.com/player/70679/tobias-ramirez/270002/","https://cdn.sofifa.net/players/070/679/27_120.png","DFC","Argentina","River Plate","1876","2026","2029","19","68","80","2006","185cm 6'1""","78kg 172lbs","Der.","DFC","12","N/A","€6K","€2.7M","€4.3M","1","No","2"
"85147","Lautaro Pereyra","https://sofifa.com/player/85147/lautaro-pereyra/270002/","https://cdn.sofifa.net/players/085/147/27_120.png","MCO/EI/MC","Argentina","River Plate","1876","2026","2028","18","68","76","2008","176cm 5'9""","70kg 154lbs","Der.","MCO","8","N/A","€6K","€2.5M","€4M","1","No","25"
"279165","Agustín Ruberto","https://sofifa.com/player/279165/agustin-ruberto/270002/","https://cdn.sofifa.net/players/279/165/27_120.png","DC","Argentina","River Plate","1876","2024","2027","20","68","80","2006","183cm 6'0""","80kg 176lbs","Der.","DC","12","N/A","€7K","€2.9M","€4.6M","1","No","32"
"178566","Javier García","https://sofifa.com/player/178566/javier-garcia/270002/","https://cdn.sofifa.net/players/178/566/27_120.png","POR","Argentina","Boca Juniors","1877","2020","2026","39","68","75","1987","182cm 6'0""","78kg 172lbs","Der.","POR","7","N/A","€4K","€1.2M","€1.9M","1","Sí","30"
"83581","Leonel Flores","https://sofifa.com/player/83581/leonel-flores/270002/","https://cdn.sofifa.net/players/083/581/27_120.png","DC/ED/MD","Argentina","Boca Juniors","1877","2026","2029","19","68+2","81+2","2007","175cm 5'9""","72kg 159lbs","Der.","ED","13","N/A","€7K","€2.9M","€5.9M","1","No","19"
"243684","Williams Alarcón","https://sofifa.com/player/243684/williams-alarcon/270002/","https://cdn.sofifa.net/players/243/684/27_120.png","MC/MCD/MCO","Chile/Argentina","Boca Juniors","1877","2025","2028","25","68-2","73-2","2000","182cm 6'0""","75kg 165lbs","Der.","MC","5","N/A","€9K","€1.8M","€2.7M","1","No","15"
"261171","Ignacio Miramón","https://sofifa.com/player/261171/ignacio-miramon/270002/","https://cdn.sofifa.net/players/261/171/27_120.png","MCD/MC","Argentina/Italia","Gimnasia y Esgrima La Plata","101084","","","23","68","78","2003","175cm 5'9""","73kg 161lbs","Der.","MCD","10","31 dic. 2026","€11K","€2.5M","€0","1","No","5"
"262150","Renzo Giampaoli","https://sofifa.com/player/262150/renzo-giampaoli/270002/","https://cdn.sofifa.net/players/262/150/27_120.png","DFC/LD/MCD","Argentina/Italia","Gimnasia y Esgrima La Plata","101084","","","26","68","73","2000","188cm 6'2""","80kg 176lbs","Der.","DFC","5","31 dic. 2026","€9K","€1.6M","€0","1","No","4"
"74393","Adrián Fernández","https://sofifa.com/player/74393/adrian-fernandez/270002/","https://cdn.sofifa.net/players/074/393/27_120.png","MI/MD/MC/EI/ED","Argentina","Racing Club","101085","2025","2029","25","68","71","2001","183cm 6'0""","78kg 172lbs","Der.","MI","3","N/A","€9K","€1.6M","€2.5M","1","No","24"
"269889","Ulises Ortegoza","https://sofifa.com/player/269889/ulises-ortegoza/270002/","https://cdn.sofifa.net/players/269/889/27_120.png","MC/MCD/MI/DFC/EI","Chile/Argentina","Racing Club","101085","2026","2029","29","68","70","1997","180cm 5'11""","80kg 176lbs","Der.","MCO","2","N/A","€9K","€1.3M","€2M","1","No","16"
"235980","Iván Morales","https://sofifa.com/player/235980/ivan-morales/270002/","https://cdn.sofifa.net/players/235/980/27_120.png","DC/ED/MD","Chile","Independiente","110093","","","26","68","69","1999","180cm 5'11""","76kg 168lbs","Der.","DC","1","30 jun. 2027","€7K","€1.4M","€0","1","No","9"
"260562","Lucas Besozzi","https://sofifa.com/player/260562/lucas-besozzi/270002/","https://cdn.sofifa.net/players/260/562/27_120.png","MI/MD/LI/LD","Argentina","Lanús","110395","2020","2026","23","68","75","2003","176cm 5'9""","74kg 163lbs","Der.","MI","7","N/A","€7K","€2.4M","€4.1M","1","No","77"
"76070","Luca Regiardo","https://sofifa.com/player/76070/luca-regiardo/270002/","https://cdn.sofifa.net/players/076/070/27_120.png","MCD/MC","Argentina","Newell's Old Boys","110396","2024","2026","19","68","80","2006","180cm 5'11""","73kg 161lbs","Der.","MCD","12","N/A","€5K","€2.7M","€4.5M","1","No","5"
"221952","Lucas Carrizo","https://sofifa.com/player/221952/lucas-carrizo/270002/","https://cdn.sofifa.net/players/221/952/27_120.png","DFC/LI/MCD","Argentina","Newell's Old Boys","110396","2026","2029","29","68","69","1997","180cm 5'11""","70kg 154lbs","Izq.","DFC","1","N/A","€7K","€1.1M","€1.7M","1","No","16"
"253718","Ignacio Ramírez","https://sofifa.com/player/253718/ignacio-ramirez/270002/","https://cdn.sofifa.net/players/253/718/27_120.png","DC","Uruguay/Italia","Newell's Old Boys","110396","2024","2027","29","68","71","1997","179cm 5'10""","76kg 168lbs","Der.","DC","3","N/A","€8K","€1.5M","€2.3M","1","No","99"
"267625","David Zalazar","https://sofifa.com/player/267625/david-zalazar/270002/","https://cdn.sofifa.net/players/267/625/27_120.png","ED/MI/MD/EI","Argentina","CA Banfield","110404","","","24","68","74","2002","180cm 5'11""","68kg 150lbs","Izq.","ED","6","31 dic. 2026","€7K","€1.9M","€0","1","No","40"
"71087","Sebastián Zaracho","https://sofifa.com/player/71087/sebastian-zaracho/270002/","https://cdn.sofifa.net/players/071/087/27_120.png","DFC","Paraguay","Rosario Central","110580","2026","2026","27","68","71","1999","184cm 6'0""","74kg 163lbs","Izq.","DFC","3","N/A","€7K","€1.4M","€2.2M","1","No","2"
"75308","Gaspar Duarte","https://sofifa.com/player/75308/gaspar-duarte/270002/","https://cdn.sofifa.net/players/075/308/27_120.png","MD/ED","Argentina","Rosario Central","110580","2022","2027","23","68","75","2003","173cm 5'8""","70kg 154lbs","Der.","MD","7","N/A","€7K","€2.4M","€4.1M","1","No","27"
"165560","Marco Ruben","https://sofifa.com/player/165560/marco-ruben/270002/","https://cdn.sofifa.net/players/165/560/27_120.png","DC","Argentina/España","Rosario Central","110580","2026","2026","39","68-1","78","1986","178cm 5'10""","75kg 165lbs","Der.","DC","10","N/A","€7K","€1.7M","€2.9M","1","No","9"
"267866","Julián Fernández","https://sofifa.com/player/267866/julian-fernandez/270002/","https://cdn.sofifa.net/players/267/866/27_120.png","ED/MD/EI/MI","Argentina","Rosario Central","110580","","","22","68","75","2004","183cm 6'0""","73kg 161lbs","Izq.","ED","7","31 dic. 2026","€4K","€2.5M","€0","1","No","18"
"241927","Juan Ignacio Méndez","https://sofifa.com/player/241927/juan-ignacio-mendez/270002/","https://cdn.sofifa.net/players/241/927/27_120.png","MC/MCD","Argentina/Chile","Instituto Atlético Central Córdoba","110953","2025","2026","29","68","70","1997","178cm 5'10""","74kg 163lbs","Der.","MC","2","N/A","€7K","€1.3M","€2M","1","No","13"
"241696","Hernán De La Fuente","https://sofifa.com/player/241696/hernan-de-la-fuente/270002/","https://cdn.sofifa.net/players/241/696/27_120.png","LD/MD","Argentina/España","Instituto Atlético Central Córdoba","110953","2026","2026","29","68-1","71","1997","177cm 5'10""","73kg 161lbs","Der.","LD","3","N/A","€6K","€1.3M","€2M","1","No","2"
"261614","Joaquín Gho","https://sofifa.com/player/261614/joaquin-gho/270002/","https://cdn.sofifa.net/players/261/614/27_120.png","MI/MD/LI/LD","Argentina/Italia","Argentinos Juniors","111019","2025","2029","23","68","74","2003","178cm 5'10""","76kg 168lbs","Der.","MI","6","N/A","€6K","€1.9M","€3.2M","1","No","28"
"265478","Emiliano Viveros","https://sofifa.com/player/265478/emiliano-viveros/270002/","https://cdn.sofifa.net/players/265/478/27_120.png","EI/MI/MC/MCD","Argentina","Argentinos Juniors","111019","2024","2029","23","68","74","2002","178cm 5'10""","70kg 154lbs","Der.","EI","6","N/A","€7K","€1.9M","€3.2M","1","No","29"
"70203","Kevin Vázquez","https://sofifa.com/player/70203/kevin-vazquez/270002/","https://cdn.sofifa.net/players/070/203/27_120.png","MC/MCD/DFC","Argentina","Independiente Rivadavia","111020","","","25","68","72","2001","175cm 5'9""","72kg 159lbs","Der.","MC","4","31 dic. 2026","€7K","€1.7M","€0","1","No","32"
"247150","Alex Vigo","https://sofifa.com/player/247150/alex-vigo/270002/","https://cdn.sofifa.net/players/247/150/27_120.png","LD/MD/ED","Argentina","Independiente Rivadavia","111020","2026","2028","27","68-1","73","1999","175cm 5'9""","74kg 163lbs","Der.","LD","5","N/A","€8K","€1.6M","€2.5M","1","No","28"
"271919","Stefano Moreyra","https://sofifa.com/player/271919/stefano-moreyra/270002/","https://cdn.sofifa.net/players/271/919/27_120.png","MCD/MC/MCO","Argentina","Independiente Rivadavia","111020","2026","2026","24","68","71","2001","179cm 5'10""","70kg 154lbs","Der.","MCD","3","N/A","€7K","€1.5M","€2.4M","1","No","34"
"223066","Andrés Chávez","https://sofifa.com/player/223066/andres-chavez/270002/","https://cdn.sofifa.net/players/223/066/27_120.png","DC","Argentina","CA Aldosivi","111707","2026","2031","35","68-1","75","1991","185cm 6'1""","97kg 214lbs","Izq.","DC","7","N/A","€6K","€1.5M","€2.6M","1","No","18"
"224049","Néstor Breitenbruch","https://sofifa.com/player/224049/nestor-breitenbruch/270002/","https://cdn.sofifa.net/players/224/049/27_120.png","DFC/LD/MCD","Argentina","CA Aldosivi","111707","2025","2026","30","68-1","70","1995","178cm 5'10""","76kg 168lbs","Der.","DFC","2","N/A","€6K","€1.2M","€1.9M","1","No","25"
"235991","Nicolás Cordero","https://sofifa.com/player/235991/nicolas-cordero/270002/","https://cdn.sofifa.net/players/235/991/27_120.png","DC","Argentina","CA Aldosivi","111707","2026","2027","27","68","70","1999","185cm 6'1""","78kg 172lbs","Der.","DC","2","N/A","€7K","€1.5M","€2.4M","1","No","9"
"240964","Nicolás Linares","https://sofifa.com/player/240964/nicolas-linares/270002/","https://cdn.sofifa.net/players/240/964/27_120.png","MC/MCD","Argentina","CA Aldosivi","111707","2026","2027","30","68","69","1996","175cm 5'9""","72kg 159lbs","Der.","MCD","1","N/A","€7K","€1.3M","€2M","1","No","5"
"273905","Alan Sosa","https://sofifa.com/player/273905/alan-sosa/270002/","https://cdn.sofifa.net/players/273/905/27_120.png","MI/MC/MCO/LI","Argentina","CA Aldosivi","111707","","","23","68","76","2003","183cm 6'0""","78kg 172lbs","Izq.","MI","8","31 dic. 2026","€7K","€2.7M","€0","1","No","22"
"219452","Julián Fernández","https://sofifa.com/player/219452/julian-fernandez/270002/","https://cdn.sofifa.net/players/219/452/27_120.png","MCD/MC","Argentina","Atlético Tucumán","111708","2025","2026","31","68","71","1995","180cm 5'11""","78kg 172lbs","Der.","MCD","3","N/A","€6K","€1.1M","€1.7M","1","No","5"
"243572","Maximiliano Villa","https://sofifa.com/player/243572/maximiliano-villa/270002/","https://cdn.sofifa.net/players/243/572/27_120.png","LD/MD/LI","Uruguay/Italia","Atlético Tucumán","111708","2025","2028","29","68","69","1997","184cm 6'0""","75kg 165lbs","Der.","LD","1","N/A","€6K","€1.2M","€1.9M","1","No","3"
"252193","Ramiro Ruiz Rodríguez","https://sofifa.com/player/252193/ramiro-ruiz-rodriguez/270002/","https://cdn.sofifa.net/players/252/193/27_120.png","ED/DC/MI/MD/EI","Argentina","Atlético Tucumán","111708","2019","2026","26","68-1","71","2000","185cm 6'1""","75kg 165lbs","Der.","DC","3","N/A","€7K","€1.6M","€2.5M","1","No","18"
"261352","Nicolás Laméndola","https://sofifa.com/player/261352/nicolas-lamendola/270002/","https://cdn.sofifa.net/players/261/352/27_120.png","MI/MD/EI/LI/LD","Argentina","Atlético Tucumán","111708","2025","2026","27","68+2","69+3","1998","178cm 5'10""","69kg 152lbs","Der.","MI","1","N/A","€6K","€1.4M","€2.2M","1","No","23"
"279816","Franco Nicola","https://sofifa.com/player/279816/franco-nicola/270002/","https://cdn.sofifa.net/players/279/816/27_120.png","MI/MCO/MC/EI","Uruguay","Atlético Tucumán","111708","2024","2026","24","68","74","2002","178cm 5'10""","75kg 165lbs","Izq.","MI","6","N/A","€6K","€1.9M","€3.2M","1","No","10"
"208054","Leandro Fernández","https://sofifa.com/player/208054/leandro-fernandez/270002/","https://cdn.sofifa.net/players/208/054/27_120.png","DC","Argentina","Defensa y Justicia","111710","2026","2027","35","68","75","1991","179cm 5'10""","74kg 163lbs","Der.","ED","7","N/A","€7K","€1.5M","€2.6M","1","No","9"
"264507","Facundo Altamira","https://sofifa.com/player/264507/facundo-altamira/270002/","https://cdn.sofifa.net/players/264/507/27_120.png","MD/ED/DC","Argentina","Defensa y Justicia","111710","2021","2026","24","68","74","2001","185cm 6'1""","76kg 168lbs","Der.","ED","6","N/A","€7K","€1.9M","€3.2M","1","No","25"
"234107","Emmanuel Ojeda","https://sofifa.com/player/234107/emmanuel-ojeda/270002/","https://cdn.sofifa.net/players/234/107/27_120.png","MCD/MC","Argentina","Huracán","111711","2026","2028","28","68","68","1997","180cm 5'11""","72kg 159lbs","Der.","MCD","0","N/A","€8K","€1.1M","€1.7M","1","No","20"
"266673","Óscar Cortés","https://sofifa.com/player/266673/oscar-cortes/270002/","https://cdn.sofifa.net/players/266/673/27_120.png","MI/EI","Colombia","Huracán","111711","","","22","68","74","2003","178cm 5'10""","76kg 168lbs","Der.","MI","6","31 dic. 2026","€18K","€1.9M","€0","1","No","7"
"274401","Juan Bisanz","https://sofifa.com/player/274401/juan-bisanz/270002/","https://cdn.sofifa.net/players/274/401/27_120.png","MI/MD/DC/EI/ED","Argentina/Italia","Huracán","111711","2025","2028","24","68","74","2001","180cm 5'11""","65kg 143lbs","Der.","MI","6","N/A","€7K","€1.9M","€3.2M","1","No","17"
"245079","Alfio Oviedo","https://sofifa.com/player/245079/alfio-oviedo/270002/","https://cdn.sofifa.net/players/245/079/27_120.png","DC","Paraguay","Tigre","111715","2025","2026","30","68","68","1995","181cm 5'11""","81kg 179lbs","Der.","DC","0","N/A","€7K","€1.2M","€1.8M","1","No","19"
"253012","Lautaro Morales","https://sofifa.com/player/253012/lautaro-morales/270002/","https://cdn.sofifa.net/players/253/012/27_120.png","POR","Argentina","Tigre","111715","","","26","68","72","1999","187cm 6'2""","76kg 168lbs","Der.","POR","4","30 jun. 2027","€5K","€1.3M","€0","1","No","26"
"269554","Alan Barrionuevo","https://sofifa.com/player/269554/alan-barrionuevo/270002/","https://cdn.sofifa.net/players/269/554/27_120.png","DFC","Argentina","Tigre","111715","2025","2027","29","68","68","1997","188cm 6'2""","83kg 183lbs","Izq.","DFC","0","N/A","€6K","€1M","€1.5M","1","No","20"
"276822","Santiago López","https://sofifa.com/player/276822/santiago-lopez/270002/","https://cdn.sofifa.net/players/276/822/27_120.png","EI/DC/MD/MI/MCO/ED","Argentina","Tigre","111715","","","20","68","80","2006","170cm 5'7""","69kg 152lbs","Der.","EI","12","31 dic. 2026","€5K","€2.9M","€0","1","No","22"
"279932","Santiago González","https://sofifa.com/player/279932/santiago-gonzalez/270002/","https://cdn.sofifa.net/players/279/932/27_120.png","MC/MCD","Argentina","Tigre","111715","2020","2028","23","68","76","2003","183cm 6'0""","85kg 187lbs","Der.","MCD","8","N/A","€6K","€2.7M","€4.6M","1","No","27"
"212214","Augusto Solari","https://sofifa.com/player/212214/augusto-solari/270002/","https://cdn.sofifa.net/players/212/214/27_120.png","MD/ED","Argentina/Italia","Club Atlético Unión","111716","2025","2026","34","68","75","1992","180cm 5'11""","80kg 176lbs","Der.","MD","7","N/A","€7K","€1.6M","€2.7M","1","Sí","23"
"215193","Lucas Menossi","https://sofifa.com/player/215193/lucas-menossi/270002/","https://cdn.sofifa.net/players/215/193/27_120.png","MC/MD/MCD/ED/DFC","Argentina/Italia","Club Atlético Unión","111716","2026","2026","33","68","75","1992","169cm 5'7""","70kg 154lbs","Der.","MC","7","N/A","€7K","€1.8M","€3.1M","1","No","5"
"273079","Juan Pablo Ludueña","https://sofifa.com/player/273079/juan-pablo-luduena/270002/","https://cdn.sofifa.net/players/273/079/27_120.png","DFC","Argentina","Club Atlético Unión","111716","2023","2026","23","68","75","2003","185cm 6'1""","75kg 165lbs","Der.","DFC","7","N/A","€5K","€2.2M","€3.7M","1","No","26"
"273560","Matías Rocha","https://sofifa.com/player/273560/matias-rocha/270002/","https://cdn.sofifa.net/players/273/560/27_120.png","DFC/LD/MC","Uruguay","Club Atlético Unión","111716","2026","2029","25","68","72","2001","183cm 6'0""","75kg 165lbs","Der.","DFC","4","N/A","€6K","€1.5M","€2.4M","1","No","4"
"273964","Valentín Depietri","https://sofifa.com/player/273964/valentin-depietri/270002/","https://cdn.sofifa.net/players/273/964/27_120.png","MI/MD/MCO/EI/ED/DC","Argentina","Talleres","112670","2023","2026","25","68","71","2000","178cm 5'10""","75kg 165lbs","Der.","MI","3","N/A","€7K","€1.6M","€2.5M","1","No","11"
"73887","Luciano Giménez","https://sofifa.com/player/73887/luciano-gimenez/270002/","https://cdn.sofifa.net/players/073/887/27_120.png","DC/MCO","Argentina","Platense","112689","","","26","68","71","2000","189cm 6'2""","89kg 196lbs","Der.","DC","3","30 jun. 2027","€9K","€1.6M","€0","1","No","20"
"76861","Eugenio Raggio","https://sofifa.com/player/76861/eugenio-raggio/270002/","https://cdn.sofifa.net/players/076/861/27_120.png","DFC/LD","Argentina","Platense","112689","2026","2026","24","68","71","2001","180cm 5'11""","65kg 143lbs","Der.","DFC","3","N/A","€6K","€1.5M","€2.4M","1","No","6"
"77051","Nicolás Retamar","https://sofifa.com/player/77051/nicolas-retamar/270002/","https://cdn.sofifa.net/players/077/051/27_120.png","MD/ED/MCO","Argentina","Platense","112689","2025","2026","27","68","68","1999","175cm 5'9""","71kg 157lbs","Der.","DC","0","N/A","€7K","€1.3M","€2M","1","No","43"
"261160","Bruno Sepúlveda","https://sofifa.com/player/261160/bruno-sepulveda/270002/","https://cdn.sofifa.net/players/261/160/27_120.png","DC","Argentina","Platense","112689","2026","2027","33","68","69","1992","185cm 6'1""","82kg 181lbs","Der.","DC","1","N/A","€8K","€875K","€1.4M","1","No","79"
"267621","Héctor Bobadilla","https://sofifa.com/player/267621/hector-bobadilla/270002/","https://cdn.sofifa.net/players/267/621/27_120.png","DC","Paraguay","Platense","112689","2021","2027","25","68","71","2001","177cm 5'10""","76kg 168lbs","Der.","DC","3","N/A","€7K","€1.6M","€2.5M","1","No","19"
"274122","Martín Barrios","https://sofifa.com/player/274122/martin-barrios/270002/","https://cdn.sofifa.net/players/274/122/27_120.png","MC/MCD/DFC","Uruguay","Platense","112689","","","27","68","69","1999","177cm 5'10""","73kg 161lbs","Der.","MC","1","31 dic. 2026","€9K","€1.4M","€0","1","No","24"
"274521","Santiago Quirós","https://sofifa.com/player/274521/santiago-quiros/270002/","https://cdn.sofifa.net/players/274/521/27_120.png","DFC/LI","Argentina","Platense","112689","","","23","68","75","2003","179cm 5'10""","79kg 174lbs","Izq.","DFC","7","31 dic. 2026","€7K","€2.2M","€0","1","No","32"
"70670","Thiago Santamaría","https://sofifa.com/player/70670/thiago-santamaria/270002/","https://cdn.sofifa.net/players/070/670/27_120.png","LD/MD","Argentina/España","Club Atlético Sarmiento","112713","","","23","68","77","2003","179cm 5'10""","71kg 157lbs","Der.","LD","9","31 dic. 2026","€6K","€2.6M","€0","1","No","29"
"214772","Nicolás Pasquini","https://sofifa.com/player/214772/nicolas-pasquini/270002/","https://cdn.sofifa.net/players/214/772/27_120.png","LI/MI/MC","Argentina/Italia","Club Atlético Sarmiento","112713","2026","2026","35","68","73","1991","176cm 5'9""","76kg 168lbs","Izq.","LI","5","N/A","€5K","€800K","€1.2M","1","No","77"
"243977","Jonathan Herrera","https://sofifa.com/player/243977/jonathan-herrera/270002/","https://cdn.sofifa.net/players/243/977/27_120.png","DC","Argentina","Club Atlético Sarmiento","112713","","","34","68","70","1991","175cm 5'9""","75kg 165lbs","Izq.","DC","2","31 dic. 2027","€7K","€750K","€0","1","No","24"
"269132","Gabriel Díaz Núñez","https://sofifa.com/player/269132/gabriel-diaz-nunez/270002/","https://cdn.sofifa.net/players/269/132/27_120.png","LI/MI/EI","Argentina","Club Atlético Sarmiento","112713","2022","2026","26","68","71","2000","172cm 5'8""","66kg 146lbs","Izq.","LI","3","N/A","€6K","€1.5M","€2.3M","1","No","33"
"229536","Horacio Tijanovich","https://sofifa.com/player/229536/horacio-tijanovich/270002/","https://cdn.sofifa.net/players/229/536/27_120.png","MI/DC/MD/EI/ED","Argentina/Uruguay","Central Cordoba SdE","112965","2026","2026","30","68","69","1996","173cm 5'8""","68kg 150lbs","Der.","MI","1","N/A","€7K","€1.3M","€2M","1","No","11"
"242691","Darío Cáceres","https://sofifa.com/player/242691/dario-caceres/270002/","https://cdn.sofifa.net/players/242/691/27_120.png","LI/MI/EI","Paraguay","Central Cordoba SdE","112965","2026","2027","28","68","68","1998","176cm 5'9""","65kg 143lbs","Izq.","LI","0","N/A","€7K","€1.1M","€1.6M","1","No","23"
"263434","Facundo Mansilla","https://sofifa.com/player/263434/facundo-mansilla/270002/","https://cdn.sofifa.net/players/263/434/27_120.png","DFC/LI/MCD","Argentina","Central Cordoba SdE","112965","2026","2026","27","68","71","1999","190cm 6'3""","79kg 174lbs","Izq.","DFC","3","N/A","€7K","€1.4M","€2.1M","1","No","6"
"213433","Fernando Tobio","https://sofifa.com/player/213433/fernando-tobio/270002/","https://cdn.sofifa.net/players/213/433/27_120.png","DFC","Argentina/Italia","Barracas Central","113044","2025","2026","36","68-1","74","1989","190cm 6'3""","78kg 172lbs","Der.","DFC","6","N/A","€5K","€725K","€1.2M","1","No","32"
"220148","Nicolás Orsini","https://sofifa.com/player/220148/nicolas-orsini/270002/","https://cdn.sofifa.net/players/220/148/27_120.png","DC/ED/MCO/MD","Argentina/Italia","Barracas Central","113044","2026","2027","31","68-1","74","1994","187cm 6'2""","80kg 176lbs","Der.","DC","6","N/A","€7K","€1.5M","€2.6M","1","Sí","34"
"224104","Damián Martínez","https://sofifa.com/player/224104/damian-martinez/270002/","https://cdn.sofifa.net/players/224/104/27_120.png","LD/MD/ED","Argentina","Barracas Central","113044","2026","2026","36","68-1","73","1990","177cm 5'10""","70kg 154lbs","Der.","LD","5","N/A","€5K","€700K","€1.1M","1","No","4"
"224817","Rafael Barrios","https://sofifa.com/player/224817/rafael-barrios/270002/","https://cdn.sofifa.net/players/224/817/27_120.png","LD/MD/ED","Argentina","Barracas Central","113044","2025","2026","33","68","68","1993","178cm 5'10""","76kg 168lbs","Der.","DFC","0","N/A","€6K","€625K","€938K","1","No","13"
"231212","Esteban Rolón","https://sofifa.com/player/231212/esteban-rolon/270002/","https://cdn.sofifa.net/players/231/212/27_120.png","MC/MCD/MCO","Argentina/Polonia","Barracas Central","113044","2026","2027","31","68-1","71","1995","178cm 5'10""","75kg 165lbs","Der.","MC","3","N/A","€7K","€1.2M","€1.9M","1","No","35"
"241120","Nicolás Demartini","https://sofifa.com/player/241120/nicolas-demartini/270002/","https://cdn.sofifa.net/players/241/120/27_120.png","DFC","Argentina","Barracas Central","113044","2025","2026","26","68","72","1999","187cm 6'2""","73kg 161lbs","Izq.","DFC","4","N/A","€6K","€1.5M","€2.4M","1","No","31"
"224403","Gabriel Alanís","https://sofifa.com/player/224403/gabriel-alanis/270002/","https://cdn.sofifa.net/players/224/403/27_120.png","MI/MD/MC/EI/ED","Argentina/Italia","Estudiantes de Río Cuarto","115470","","","32","68","71","1994","187cm 6'2""","75kg 165lbs","Izq.","MI","3","31 dic. 2026","€8K","€1.2M","€0","1","No","17"
"215065","Milton Céliz","https://sofifa.com/player/215065/milton-celiz/270002/","https://cdn.sofifa.net/players/215/065/27_120.png","MC/MCO/MCD","Argentina","Deportivo Riestra","115472","2023","2026","33","68","68","1992","181cm 5'11""","70kg 154lbs","Der.","MD","0","N/A","€7K","€750K","€1.1M","1","No","8"
"246108","Alexander Díaz","https://sofifa.com/player/246108/alexander-diaz/270002/","https://cdn.sofifa.net/players/246/108/27_120.png","DC/MCO","Argentina","Deportivo Riestra","115472","2025","2028","26","68","71","2000","172cm 5'8""","73kg 161lbs","Der.","DC","3","N/A","€7K","€1.6M","€2.4M","1","No","11"
"261537","Braian Sánchez","https://sofifa.com/player/261537/braian-sanchez/270002/","https://cdn.sofifa.net/players/261/537/27_120.png","MI/MC/MD/EI/MCD","Argentina","Deportivo Riestra","115472","2026","2030","33","68","68","1993","175cm 5'9""","70kg 154lbs","Der.","MI","0","N/A","€7K","€750K","€1.1M","1","No","10"
"74839","Gonzalo Alassia","https://sofifa.com/player/74839/gonzalo-alassia/270002/","https://cdn.sofifa.net/players/074/839/27_120.png","MC/MCD","Argentina","San Lorenzo de Almagro","1013","2026","2026","22","67","74","2004","182cm 6'0""","78kg 172lbs","Der.","MC","7","N/A","€6K","€2.1M","€3.6M","1","No","62"
"77863","Teo Rodríguez Pagano","https://sofifa.com/player/77863/teo-rodriguez-pagano/270002/","https://cdn.sofifa.net/players/077/863/27_120.png","LI/MI","Argentina","San Lorenzo de Almagro","1013","2025","2028","20","67","80","2005","178cm 5'10""","76kg 168lbs","Izq.","LI","13","N/A","€5K","€2.3M","€4.9M","1","No","3"
"80114","Facundo Gulli","https://sofifa.com/player/80114/facundo-gulli/270002/","https://cdn.sofifa.net/players/080/114/27_120.png","MCO/MD/MI/MC/ED","Argentina","San Lorenzo de Almagro","1013","2025","2028","20","67","82","2005","178cm 5'10""","70kg 154lbs","Izq.","MCO","15","N/A","€5K","€2.5M","€5.3M","1","No","10"
"273709","Mathías De Ritis","https://sofifa.com/player/273709/mathias-de-ritis/270002/","https://cdn.sofifa.net/players/273/709/27_120.png","LI/MI","Uruguay","San Lorenzo de Almagro","1013","2026","2026","23","67","75","2003","183cm 6'0""","72kg 159lbs","Izq.","LI","8","N/A","€5K","€2.2M","€3.7M","1","No","6"
"79821","Juan Cruz Meza","https://sofifa.com/player/79821/juan-cruz-meza/270002/","https://cdn.sofifa.net/players/079/821/27_120.png","MC/MD/MCO","Argentina","River Plate","1876","2025","2026","18","67","83","2008","183cm 6'0""","69kg 152lbs","Der.","MC","16","N/A","€5K","€2.6M","€5.3M","1","No","24"
"245437","Adolfo Gaich","https://sofifa.com/player/245437/adolfo-gaich/270002/","https://cdn.sofifa.net/players/245/437/27_120.png","DC","Argentina/Italia","Estudiantes de La Plata","101083","2026","2028","27","67","71","1999","194cm 6'4""","94kg 207lbs","Der.","DC","4","N/A","€8K","€1.4M","€2.2M","1","No","19"
"263501","Bautista Kociubinski","https://sofifa.com/player/263501/bautista-kociubinski/270002/","https://cdn.sofifa.net/players/263/501/27_120.png","MC/MCD","Argentina/Italia","Estudiantes de La Plata","101083","2021","2026","25","67","71","2001","181cm 5'11""","82kg 181lbs","Der.","MC","4","N/A","€7K","€1.4M","€2.2M","1","No","52"
"74781","Fabricio Corbalán","https://sofifa.com/player/74781/fabricio-corbalan/270002/","https://cdn.sofifa.net/players/074/781/27_120.png","LD/MD","Argentina","Gimnasia y Esgrima La Plata","101084","2023","2026","22","67","76","2003","170cm 5'7""","75kg 165lbs","Der.","LD","9","N/A","€6K","€2.2M","€3.7M","1","No","99"
"76917","Agustín Auzmendi","https://sofifa.com/player/76917/agustin-auzmendi/270002/","https://cdn.sofifa.net/players/076/917/27_120.png","DC","Argentina","Gimnasia y Esgrima La Plata","101084","2025","2027","29","67","67","1997","181cm 5'11""","81kg 179lbs","Der.","DC","0","N/A","€8K","€1M","€1.5M","1","No","29"
"215202","Lucas Janson","https://sofifa.com/player/215202/lucas-janson/270002/","https://cdn.sofifa.net/players/215/202/27_120.png","EI/MI/DC","Argentina","Gimnasia y Esgrima La Plata","101084","","","31","67","75","1994","170cm 5'7""","66kg 146lbs","Der.","EI","8","30 jun. 2027","€9K","€1.9M","€0","1","No","17"
"264578","Augusto Max","https://sofifa.com/player/264578/augusto-max/270002/","https://cdn.sofifa.net/players/264/578/27_120.png","MCD/MC","Argentina","Gimnasia y Esgrima La Plata","101084","2024","2026","33","67","67","1992","168cm 5'6""","70kg 154lbs","Der.","MCD","0","N/A","€7K","€500K","€750K","1","No","16"
"275438","Juan José Pérez","https://sofifa.com/player/275438/juan-jose-perez/270002/","https://cdn.sofifa.net/players/275/438/27_120.png","MCO/MD/MI/MC/ED/EI","Colombia","Gimnasia y Esgrima La Plata","101084","2024","2026","21","67","78","2004","169cm 5'7""","63kg 139lbs","Izq.","MCO","11","N/A","€5K","€2.3M","€3.9M","1","No","20"
"238093","Matías Tagliamonte","https://sofifa.com/player/238093/matias-tagliamonte/270002/","https://cdn.sofifa.net/players/238/093/27_120.png","POR","Argentina","Racing Club","101085","2021","2026","28","67","68","1998","194cm 6'4""","78kg 172lbs","Izq.","POR","1","N/A","€5K","€800K","€1.3M","1","No","30"
"261691","Ignacio Agustín Rodríguez","https://sofifa.com/player/261691/ignacio-agustin-rodriguez/270002/","https://cdn.sofifa.net/players/261/691/27_120.png","MI/MC/MD/LI/MCD/LD","Argentina","Racing Club","101085","2025","2028","24","67","72","2002","176cm 5'9""","68kg 150lbs","Izq.","MI","5","N/A","€7K","€1.5M","€2.4M","1","No","19"
"74824","Agustín Medina","https://sofifa.com/player/74824/agustin-medina/270002/","https://cdn.sofifa.net/players/074/824/27_120.png","MCD/MC","Argentina","Lanús","110395","2024","2027","19","67","79","2006","175cm 5'9""","75kg 165lbs","Der.","MCD","12","N/A","€5K","€2.3M","€3.9M","1","No","17"
"252240","Alan Soñora","https://sofifa.com/player/252240/alan-sonora/270002/","https://cdn.sofifa.net/players/252/240/27_120.png","MC/MCO/MD/MCD/ED","EE.UU./Italia","Newell's Old Boys","110396","2026","2027","27","67","74","1998","170cm 5'7""","70kg 154lbs","Izq.","MCO","7","N/A","€6K","€1.9M","€3.1M","1","No","15"
"258051","Rodrigo Herrera","https://sofifa.com/player/258051/rodrigo-herrera/270002/","https://cdn.sofifa.net/players/258/051/27_120.png","MCD/MC","Argentina","Newell's Old Boys","110396","2026","2028","25","67","74","2000","181cm 5'11""","76kg 168lbs","Der.","MCD","7","N/A","€6K","€1.9M","€3.1M","1","No","26"
"254951","Lautaro Ríos","https://sofifa.com/player/254951/lautaro-rios/270002/","https://cdn.sofifa.net/players/254/951/27_120.png","MC/MCD","Argentina","CA Banfield","110404","2019","2026","25","67","70","2000","182cm 6'0""","74kg 163lbs","Der.","MC","3","N/A","€5K","€1.3M","€2M","1","No","8"
"261779","Gino Santilli","https://sofifa.com/player/261779/gino-santilli/270002/","https://cdn.sofifa.net/players/261/779/27_120.png","POR","Argentina","CA Banfield","110404","2021","2027","24","67","73","2001","191cm 6'3""","90kg 198lbs","Izq.","POR","6","N/A","€3K","€1.3M","€2.1M","1","No","25"
"272489","Alexander Machado","https://sofifa.com/player/272489/alexander-machado/270002/","https://cdn.sofifa.net/players/272/489/27_120.png","DC/EI/MI","Uruguay","CA Banfield","110404","2026","2031","24","67","75","2002","179cm 5'10""","77kg 170lbs","Izq.","DC","8","N/A","€5K","€2.3M","€3.8M","1","No","22"
"278470","Tomás Adoryán","https://sofifa.com/player/278470/tomas-adoryan/270002/","https://cdn.sofifa.net/players/278/470/27_120.png","MI/MD/EI/ED","Armenia/Argentina","CA Banfield","110404","2023","2026","24","67","73","2001","177cm 5'10""","69kg 152lbs","Der.","MI","6","N/A","€5K","€1.6M","€2.6M","1","No","20"
"78078","Giovanni Cantizano","https://sofifa.com/player/78078/giovanni-cantizano/270002/","https://cdn.sofifa.net/players/078/078/27_120.png","MI/MCO/MD/EI/MC","Argentina","Rosario Central","110580","2025","2027","19","67+1","80","2007","168cm 5'6""","63kg 139lbs","Der.","MI","13","N/A","€5K","€2.4M","€5.1M","1","No","26"
"70897","Jeremías Lázaro","https://sofifa.com/player/70897/jeremias-lazaro/270002/","https://cdn.sofifa.net/players/070/897/27_120.png","MCO/MD/ED/MC","Argentina","Instituto Atlético Central Córdoba","110953","2023","2029","22","67+1","77+1","2004","175cm 5'9""","67kg 148lbs","Der.","MCO","10","N/A","€5K","€2.3M","€3.9M","1","No","21"
"77021","Matías Gallardo","https://sofifa.com/player/77021/matias-gallardo/270002/","https://cdn.sofifa.net/players/077/021/27_120.png","MC/MCO/MI/MCD","Argentina","Instituto Atlético Central Córdoba","110953","2025","2027","22","67+1","76+1","2003","178cm 5'10""","71kg 157lbs","Izq.","MI","9","N/A","€5K","€2.3M","€3.9M","1","No","15"
"239936","Nicolás Guerra","https://sofifa.com/player/239936/nicolas-guerra/270002/","https://cdn.sofifa.net/players/239/936/27_120.png","DC/EI/ED/MCO/MI/MD","Chile","Instituto Atlético Central Córdoba","110953","2026","2026","27","67","68","1999","174cm 5'9""","79kg 174lbs","Der.","DC","1","N/A","€6K","€1.2M","€1.9M","1","No","7"
"269739","Andrés Meli","https://sofifa.com/player/269739/andres-meli/270002/","https://cdn.sofifa.net/players/269/739/27_120.png","LI/MI/EI","Argentina","Instituto Atlético Central Córdoba","110953","2026","2027","25","67","71","2000","175cm 5'9""","71kg 157lbs","Izq.","LI","4","N/A","€5K","€1.3M","€2M","1","No","23"
"241931","Franco Moyano","https://sofifa.com/player/241931/franco-moyano/270002/","https://cdn.sofifa.net/players/241/931/27_120.png","MC/MCD","Argentina","Instituto Atlético Central Córdoba","110953","","","28","67-1","73","1997","171cm 5'7""","68kg 150lbs","Der.","MC","6","31 dic. 2026","€6K","€1.5M","€0","1","No","5"
"232646","Claudio Bravo","https://sofifa.com/player/232646/claudio-bravo/270002/","https://cdn.sofifa.net/players/232/646/27_120.png","LI/MI/EI","Argentina","Argentinos Juniors","111019","2025","2029","29","67","74","1997","179cm 5'10""","68kg 150lbs","Izq.","LI","7","N/A","€6K","€1.8M","€3.1M","1","No","26"
"253135","Gabriel Florentín","https://sofifa.com/player/253135/gabriel-florentin/270002/","https://cdn.sofifa.net/players/253/135/27_120.png","MC/MCO/MCD","Argentina","Argentinos Juniors","111019","2025","2029","27","67","68","1999","175cm 5'9""","70kg 154lbs","Der.","MCO","1","N/A","€6K","€1.2M","€1.9M","1","No","10"
"255256","Franco Paredes","https://sofifa.com/player/255256/franco-paredes/270002/","https://cdn.sofifa.net/players/255/256/27_120.png","DFC/LD/MCD","Argentina","Argentinos Juniors","111019","","","27","67","69","1999","176cm 5'9""","73kg 161lbs","Der.","DFC","2","31 dic. 2026","€6K","€1.1M","€0","1","No","17"
"76905","Alejo Osella","https://sofifa.com/player/76905/alejo-osella/270002/","https://cdn.sofifa.net/players/076/905/27_120.png","LD/DFC/MD/ED","Argentina","Independiente Rivadavia","111020","2025","2026","25","67","70","2000","190cm 6'3""","85kg 187lbs","Der.","LD","3","N/A","€7K","€1.2M","€1.9M","1","No","13"
"279776","Rodrigo Atencio","https://sofifa.com/player/279776/rodrigo-atencio/270002/","https://cdn.sofifa.net/players/279/776/27_120.png","MCO/MC/MD/MCD/ED","Argentina","Independiente Rivadavia","111020","2025","2029","24","67-1","74-1","2002","175cm 5'9""","70kg 154lbs","Izq.","MI","7","N/A","€7K","€2M","€3.4M","1","No","19"
"215132","Sebastián Moyano","https://sofifa.com/player/215132/sebastian-moyano/270002/","https://cdn.sofifa.net/players/215/132/27_120.png","POR","Argentina","CA Aldosivi","111707","2025","2026","35","67-1","73","1990","188cm 6'2""","78kg 172lbs","Der.","POR","6","N/A","€2K","€550K","€935K","1","No","91"
"247774","Rodrigo González","https://sofifa.com/player/247774/rodrigo-gonzalez/270002/","https://cdn.sofifa.net/players/247/774/27_120.png","LD/MD/ED","Argentina","CA Aldosivi","111707","2024","2026","26","67-1","69-2","2000","175cm 5'9""","64kg 141lbs","Der.","LD","2","N/A","€5K","€1.2M","€1.9M","1","No","4"
"252706","Elías López","https://sofifa.com/player/252706/elias-lopez/270002/","https://cdn.sofifa.net/players/252/706/27_120.png","LD/MD/ED","Argentina","CA Aldosivi","111707","2026","2027","25","67-1","68-1","2000","175cm 5'9""","76kg 168lbs","Der.","LD","1","N/A","€5K","€1.1M","€1.7M","1","No","14"
"253907","Tomás Fernández","https://sofifa.com/player/253907/tomas-fernandez/270002/","https://cdn.sofifa.net/players/253/907/27_120.png","MD/MCO/ED/DC","Argentina","CA Aldosivi","111707","2026","2026","28","67+1","67+1","1998","173cm 5'8""","78kg 172lbs","Der.","MD","0","N/A","€6K","€1M","€1.5M","1","No","27"
"258700","Matías Godoy","https://sofifa.com/player/258700/matias-godoy/270002/","https://cdn.sofifa.net/players/258/700/27_120.png","MI/DC/MD/EI/MCO/ED","Argentina","CA Aldosivi","111707","2026","2027","24","67","73","2002","176cm 5'9""","72kg 159lbs","Der.","MI","6","N/A","€5K","€1.6M","€2.7M","1","No","21"
"268620","Joaquín Pombo","https://sofifa.com/player/268620/joaquin-pombo/270002/","https://cdn.sofifa.net/players/268/620/27_120.png","DFC","Argentina/Italia","CA Aldosivi","111707","2026","2027","25","67+2","74+3","2001","191cm 6'3""","84kg 185lbs","Izq.","DFC","7","N/A","€5K","€1.9M","€3.2M","1","No","32"
"269501","Francisco Perruzzi","https://sofifa.com/player/269501/francisco-perruzzi/270002/","https://cdn.sofifa.net/players/269/501/27_120.png","MC/MCD/DFC","Argentina","CA Aldosivi","111707","2026","2026","25","67","74","2001","177cm 5'10""","70kg 154lbs","Der.","MC","7","N/A","€5K","€2M","€3.4M","1","No","15"
"276831","Agustín Palavecino","https://sofifa.com/player/276831/agustin-palavecino/270002/","https://cdn.sofifa.net/players/276/831/27_120.png","MD/MI/EI/ED","Argentina","CA Aldosivi","111707","","","23","67-1","73-1","2003","184cm 6'0""","76kg 168lbs","Der.","MD","6","31 dic. 2026","€6K","€1.6M","€0","1","No","11"
"227591","Alexis Canelo","https://sofifa.com/player/227591/alexis-canelo/270002/","https://cdn.sofifa.net/players/227/591/27_120.png","MI/DC/EI","Argentina","Atlético Tucumán","111708","2026","2031","34","67-1","75","1992","178cm 5'10""","83kg 183lbs","Der.","MI","8","N/A","€6K","€1.6M","€2.7M","1","No","14"
"245439","Gianluca Ferrari","https://sofifa.com/player/245439/gianluca-ferrari/270002/","https://cdn.sofifa.net/players/245/439/27_120.png","DFC","Argentina/Italia","Atlético Tucumán","111708","2024","2027","29","67-1","71","1997","181cm 5'11""","76kg 168lbs","Der.","DFC","4","N/A","€6K","€1.1M","€1.7M","1","No","6"
"270456","Lucas Souto","https://sofifa.com/player/270456/lucas-souto/270002/","https://cdn.sofifa.net/players/270/456/27_120.png","LD/MD/DFC/MCD/ED","Argentina/Italia","Defensa y Justicia","111710","2022","2026","27","67","68","1998","180cm 5'11""","70kg 154lbs","Der.","LD","1","N/A","€6K","€1.1M","€1.7M","1","No","33"
"71217","Tiago Serrago","https://sofifa.com/player/71217/tiago-serrago/270002/","https://cdn.sofifa.net/players/071/217/27_120.png","MI/MD/EI/ED","Argentina/Portugal","Tigre","111715","2023","2026","22","67","77","2004","175cm 5'9""","65kg 143lbs","Der.","MI","10","N/A","€5K","€2.3M","€3.9M","1","No","11"
"242306","Guillermo Soto","https://sofifa.com/player/242306/guillermo-soto/270002/","https://cdn.sofifa.net/players/242/306/27_120.png","LD/LI/MD/MI","Chile","Tigre","111715","2024","2026","32","67","70","1994","177cm 5'10""","69kg 152lbs","Der.","LD","3","N/A","€6K","€925K","€1.5M","1","No","17"
"261155","Martín Garay","https://sofifa.com/player/261155/martin-garay/270002/","https://cdn.sofifa.net/players/261/155/27_120.png","LD/MD/MC/ED/MCD","Argentina","Tigre","111715","2023","2026","27","67","70","1999","171cm 5'7""","69kg 152lbs","Der.","MCO","3","N/A","€5K","€1.2M","€1.9M","1","No","8"
"267392","Sebastián Medina","https://sofifa.com/player/267392/sebastian-medina/270002/","https://cdn.sofifa.net/players/267/392/27_120.png","MI/LI","Argentina","Tigre","111715","2023","2026","26","67","68","2000","178cm 5'10""","67kg 148lbs","Izq.","MI","1","N/A","€6K","€1.2M","€1.9M","1","No","21"
"273051","Jerónimo Domina","https://sofifa.com/player/273051/jeronimo-domina/270002/","https://cdn.sofifa.net/players/273/051/27_120.png","DC","Argentina/Italia","Tigre","111715","","","20","67","76","2005","171cm 5'7""","72kg 159lbs","Der.","ED","9","30 jun. 2027","€3K","€2.3M","€0","1","No","30"
"228211","Eric Ramírez","https://sofifa.com/player/228211/eric-ramirez/270002/","https://cdn.sofifa.net/players/228/211/27_120.png","DC/MCO/MD/ED","Argentina","Club Atlético Unión","111716","2026","2027","29","67","68","1996","170cm 5'7""","68kg 150lbs","Der.","DC","1","N/A","€6K","€1.1M","€1.7M","1","No","43"
"231070","Bruno Pittón","https://sofifa.com/player/231070/bruno-pitton/270002/","https://cdn.sofifa.net/players/231/070/27_120.png","LI/MI/EI","Argentina","Club Atlético Unión","111716","2024","2026","33","67","75","1993","177cm 5'10""","74kg 163lbs","Izq.","LI","8","N/A","€6K","€1.6M","€2.7M","1","No","12"
"275100","Joaquín Mosqueira","https://sofifa.com/player/275100/joaquin-mosqueira/270002/","https://cdn.sofifa.net/players/275/100/27_120.png","MCD/MC","Argentina/Italia","Club Atlético Unión","111716","","","22","67","76","2004","184cm 6'0""","76kg 168lbs","Der.","MCD","9","31 dic. 2027","€5K","€2.2M","€0","1","No","17"
"77029","Rick Jhonatan Lima Morais","https://sofifa.com/player/77029/rick-jhonatan-lima-morais/270002/","https://cdn.sofifa.net/players/077/029/27_120.png","MI/MCO/MD/EI/DC/ED","Brasil/Bulgaria","Talleres","112670","2025","2028","26","67","68","1999","170cm 5'7""","64kg 141lbs","Der.","ED","1","N/A","€6K","€1.2M","€1.9M","1","No","37"
"276107","Santiago Fernández","https://sofifa.com/player/276107/santiago-fernandez/270002/","https://cdn.sofifa.net/players/276/107/27_120.png","DFC","Argentina","Talleres","112670","2023","2028","21","67","80","2005","179cm 5'10""","75kg 165lbs","Der.","DFC","13","N/A","€4K","€2.4M","€5.1M","1","No","44"
"279845","Valentín Fascendini","https://sofifa.com/player/279845/valentin-fascendini/270002/","https://cdn.sofifa.net/players/279/845/27_120.png","DFC","Argentina/Italia","Talleres","112670","2026","2030","23","67","75","2003","184cm 6'0""","80kg 176lbs","Izq.","DFC","8","N/A","€5K","€2.1M","€3.6M","1","No","13"
"76483","Brian Bustos","https://sofifa.com/player/76483/brian-bustos/270002/","https://cdn.sofifa.net/players/076/483/27_120.png","POR","Argentina","Platense","112689","2026","2026","29","67","67","1996","185cm 6'1""","81kg 179lbs","Der.","POR","0","N/A","€4K","€700K","€1.1M","1","No","1"
"235966","Gonzalo Goñi","https://sofifa.com/player/235966/gonzalo-goni/270002/","https://cdn.sofifa.net/players/235/966/27_120.png","DFC","Argentina","Platense","112689","2025","2026","27","67","68","1998","187cm 6'2""","83kg 183lbs","Der.","DFC","1","N/A","€6K","€1M","€1.6M","1","No","42"
"247366","Gonzalo Lencina","https://sofifa.com/player/247366/gonzalo-lencina/270002/","https://cdn.sofifa.net/players/247/366/27_120.png","DC","Argentina/Italia","Platense","112689","2026","2028","28","67","67","1997","180cm 5'11""","75kg 165lbs","Der.","DC","0","N/A","€7K","€1M","€1.5M","1","No","99"
"215026","Pablo Magnín","https://sofifa.com/player/215026/pablo-magnin/270002/","https://cdn.sofifa.net/players/215/026/27_120.png","DC/MCO/MC","Argentina","Club Atlético Sarmiento","112713","2025","2026","36","67","71","1990","178cm 5'10""","75kg 165lbs","Der.","DC","4","N/A","€5K","€625K","€953K","1","No","7"
"228375","Matías Vera","https://sofifa.com/player/228375/matias-vera/270002/","https://cdn.sofifa.net/players/228/375/27_120.png","MCD/MC","Argentina","Central Cordoba SdE","112965","2025","2027","30","67","70","1995","173cm 5'8""","69kg 152lbs","Der.","MCD","3","N/A","€6K","€1.1M","€1.7M","1","No","22"
"263503","Ezequiel Naya","https://sofifa.com/player/263503/ezequiel-naya/270002/","https://cdn.sofifa.net/players/263/503/27_120.png","DC","Argentina","Central Cordoba SdE","112965","","","24","67","73","2001","191cm 6'3""","89kg 196lbs","Der.","DC","6","31 dic. 2026","€7K","€1.6M","€0","1","No","19"
"279820","Marco Iacobellis","https://sofifa.com/player/279820/marco-iacobellis/270002/","https://cdn.sofifa.net/players/279/820/27_120.png","MD/MCO/MI/ED/MC/EI","Argentina/Italia","Central Cordoba SdE","112965","2020","2026","26","67","68","1999","172cm 5'8""","68kg 150lbs","Izq.","MD","1","N/A","€6K","€1.2M","€1.8M","1","No","10"
"226765","Lucas Gamba","https://sofifa.com/player/226765/lucas-gamba/270002/","https://cdn.sofifa.net/players/226/765/27_120.png","DC/MCO/MC","Argentina/Italia","Barracas Central","113044","2026","2026","39","67-1","74","1987","165cm 5'5""","65kg 143lbs","Der.","ED","7","N/A","€5K","€1.2M","€2M","1","No","21"
"241929","Elías Pereyra","https://sofifa.com/player/241929/elias-pereyra/270002/","https://cdn.sofifa.net/players/241/929/27_120.png","LI/MI","Argentina","Barracas Central","113044","2026","2026","27","67","68","1999","172cm 5'8""","68kg 150lbs","Izq.","LI","1","N/A","€5K","€1.1M","€1.7M","1","No","17"
"253241","Rodrigo Bogarín","https://sofifa.com/player/253241/rodrigo-bogarin/270002/","https://cdn.sofifa.net/players/253/241/27_120.png","MC/MCO/MI/MCD","Paraguay","Barracas Central","113044","2026","2026","29","67-1","70-1","1997","182cm 6'0""","76kg 168lbs","Der.","MCD","3","N/A","€6K","€1.2M","€1.9M","1","No","28"
"266825","Carlos Arce","https://sofifa.com/player/266825/carlos-arce/270002/","https://cdn.sofifa.net/players/266/825/27_120.png","MCD/MC","Argentina","Barracas Central","113044","2025","2026","35","67","68","1990","169cm 5'7""","72kg 159lbs","Der.","MCD","1","N/A","€4K","€375K","€591K","1","No","19"
"272945","Nicolás Capraro","https://sofifa.com/player/272945/nicolas-capraro/270002/","https://cdn.sofifa.net/players/272/945/27_120.png","DFC","Argentina/Italia","Barracas Central","113044","2025","2027","28","67-1","71","1998","184cm 6'0""","78kg 172lbs","Der.","DFC","4","N/A","€6K","€1.2M","€1.9M","1","No","2"
"70842","Ignacio Sabatini","https://sofifa.com/player/70842/ignacio-sabatini/270002/","https://cdn.sofifa.net/players/070/842/27_120.png","ED/EI/MD","Argentina/Italia","Gimnasia y Esgrima de Mendoza","113050","2026","2028","27","67","67","1999","178cm 5'10""","75kg 165lbs","Der.","ED","0","N/A","€6K","€1.1M","€1.6M","1","No","17"
"246546","Tomás Ortíz","https://sofifa.com/player/246546/tomas-ortiz/270002/","https://cdn.sofifa.net/players/246/546/27_120.png","MCO/MC/MCD","Argentina","Gimnasia y Esgrima de Mendoza","113050","","","26","67","70","2000","183cm 6'0""","78kg 172lbs","Der.","MCO","3","31 dic. 2026","€7K","€1.3M","€0","1","No","20"
"254756","Blas Armoa","https://sofifa.com/player/254756/blas-armoa/270002/","https://cdn.sofifa.net/players/254/756/27_120.png","MD/ED/DC","Paraguay","Gimnasia y Esgrima de Mendoza","113050","","","26","67","69","2000","175cm 5'9""","69kg 152lbs","Der.","MD","2","31 dic. 2026","€6K","€1.3M","€0","1","No","27"
"270075","Ismael Cortez","https://sofifa.com/player/270075/ismael-cortez/270002/","https://cdn.sofifa.net/players/270/075/27_120.png","LD","Argentina","Gimnasia y Esgrima de Mendoza","113050","2022","2027","26","67","70","2000","185cm 6'1""","75kg 165lbs","Der.","LD","3","N/A","€5K","€1.2M","€1.8M","1","No","36"
"83436","Tomás González","https://sofifa.com/player/83436/tomas-gonzalez/270002/","https://cdn.sofifa.net/players/083/436/27_120.png","MC/MCO/MCD","Argentina","Estudiantes de Río Cuarto","115470","2025","2026","27","67+1","72","1998","181cm 5'11""","71kg 157lbs","Der.","MC","5","N/A","€6K","€1.4M","€2.1M","1","No","10"
"232515","Facundo Cobos","https://sofifa.com/player/232515/facundo-cobos/270002/","https://cdn.sofifa.net/players/232/515/27_120.png","LI/MI","Argentina","Estudiantes de Río Cuarto","115470","2026","2026","33","67-1","69","1993","178cm 5'10""","78kg 172lbs","Izq.","LI","2","N/A","€6K","€675K","€1M","1","No","28"
"261438","Siro Rosané","https://sofifa.com/player/261438/siro-rosane/270002/","https://cdn.sofifa.net/players/261/438/27_120.png","MC/MCO/MCD","Argentina","Estudiantes de Río Cuarto","115470","","","26","67-1","72-1","2000","177cm 5'10""","75kg 165lbs","Der.","MCD","5","31 dic. 2026","€6K","€1.5M","€0","1","No","8"
"271524","Gonzalo González","https://sofifa.com/player/271524/gonzalo-gonzalez/270002/","https://cdn.sofifa.net/players/271/524/27_120.png","LD/MD","Argentina","Estudiantes de Río Cuarto","115470","2024","2028","23","67+2","74","2003","181cm 5'11""","79kg 174lbs","Der.","LD","7","N/A","€5K","€1.9M","€3.1M","1","No","14"
"233775","Nicolás Benegas","https://sofifa.com/player/233775/nicolas-benegas/270002/","https://cdn.sofifa.net/players/233/775/27_120.png","DC/MCO","Argentina","Deportivo Riestra","115472","2026","2027","30","67","68","1996","185cm 6'1""","91kg 201lbs","Der.","DC","1","N/A","€6K","€1.1M","€1.7M","1","No","9"
"242485","Jonatan Goitia","https://sofifa.com/player/242485/jonatan-goitia/270002/","https://cdn.sofifa.net/players/242/485/27_120.png","MC/MCD/LD","Argentina","Deportivo Riestra","115472","2019","2026","31","67","69","1994","175cm 5'9""","71kg 157lbs","Der.","MCD","2","N/A","€6K","€975K","€1.5M","1","No","27"
"272861","Nicolás Watson","https://sofifa.com/player/272861/nicolas-watson/270002/","https://cdn.sofifa.net/players/272/861/27_120.png","MCD/MC/MI/EI","Argentina","Deportivo Riestra","115472","","","28","67","68","1998","175cm 5'9""","78kg 172lbs","Der.","MCD","1","31 dic. 2026","€6K","€975K","€0","1","No","16"
"71815","Daniel Herrera","https://sofifa.com/player/71815/daniel-herrera/270002/","https://cdn.sofifa.net/players/071/815/27_120.png","DFC/LD/MCD","Argentina","San Lorenzo de Almagro","1013","2024","2026","22","66","78","2004","181cm 5'11""","74kg 163lbs","Der.","DFC","12","N/A","€5K","€2M","€3.4M","1","No","36"
"75214","Mauricio Cardillo","https://sofifa.com/player/75214/mauricio-cardillo/270002/","https://cdn.sofifa.net/players/075/214/27_120.png","MC/MD/MCO","Argentina","San Lorenzo de Almagro","1013","2026","2026","23","66","73","2003","178cm 5'10""","78kg 172lbs","Der.","MD","7","N/A","€5K","€1.7M","€2.9M","1","No","15"
"76821","Camilo Rey Domenech","https://sofifa.com/player/76821/camilo-rey-domenech/270002/","https://cdn.sofifa.net/players/076/821/27_120.png","MCD/MC","Argentina","Boca Juniors","1877","2025","2029","20","66+1","80","2006","174cm 5'9""","72kg 159lbs","Der.","MCD","14","N/A","€5K","€1.9M","€3.8M","1","No","23"
"73683","Dylan Gorosito","https://sofifa.com/player/73683/dylan-gorosito/270002/","https://cdn.sofifa.net/players/073/683/27_120.png","LD","Argentina","Boca Juniors","1877","2026","2030","20","66+1","81+1","2006","173cm 5'8""","63kg 139lbs","Der.","LD","15","N/A","€5K","€2M","€4.1M","1","No","24"
"76064","Facundo Di Biasi","https://sofifa.com/player/76064/facundo-di-biasi/270002/","https://cdn.sofifa.net/players/076/064/27_120.png","MCD/MD/MC/ED","Argentina","Gimnasia y Esgrima La Plata","101084","2025","2026","21","66","77","2005","175cm 5'9""","72kg 159lbs","Der.","MCD","11","N/A","€4K","€1.8M","€3.1M","1","No","39"
"240811","Marcelo Torres","https://sofifa.com/player/240811/marcelo-torres/270002/","https://cdn.sofifa.net/players/240/811/27_120.png","DC","Argentina","Gimnasia y Esgrima La Plata","101084","2025","2026","28","66","66","1997","180cm 5'11""","70kg 154lbs","Der.","DC","0","N/A","€6K","€875K","€1.3M","1","No","32"
"257676","Ivo Mammini","https://sofifa.com/player/257676/ivo-mammini/270002/","https://cdn.sofifa.net/players/257/676/27_120.png","DC/MCO","Argentina","Gimnasia y Esgrima La Plata","101084","2020","2026","23","66","75","2003","180cm 5'11""","76kg 168lbs","Der.","DC","9","N/A","€6K","€1.9M","€3.2M","1","No","98"
"263474","Franco Torres","https://sofifa.com/player/263474/franco-torres/270002/","https://cdn.sofifa.net/players/263/474/27_120.png","MD/DC/MI/ED","Argentina","Gimnasia y Esgrima La Plata","101084","2022","2026","27","66","66","1999","172cm 5'8""","67kg 148lbs","Der.","ED","0","N/A","€6K","€900K","€1.4M","1","No","26"
"273081","Bautista Barros Schelotto","https://sofifa.com/player/273081/bautista-barros-schelotto/270002/","https://cdn.sofifa.net/players/273/081/27_120.png","LD","Argentina/España","Gimnasia y Esgrima La Plata","101084","2021","2026","26","66","69","2000","181cm 5'11""","76kg 168lbs","Der.","LD","3","N/A","€6K","€1M","€1.6M","1","No","31"
"274145","Maximiliano Zalazar","https://sofifa.com/player/274145/maximiliano-zalazar/270002/","https://cdn.sofifa.net/players/274/145/27_120.png","MI/MD/MCO/EI/ED","Argentina","Gimnasia y Esgrima La Plata","101084","","","25","66","69","2001","175cm 5'9""","70kg 154lbs","Der.","MI","3","31 dic. 2026","€6K","€1.1M","€0","1","No","9"
"77725","Gonzalo Bordón","https://sofifa.com/player/77725/gonzalo-bordon/270002/","https://cdn.sofifa.net/players/077/725/27_120.png","DFC","Argentina/Paraguay","Independiente","110093","2026","2029","21","66","78","2005","185cm 6'1""","71kg 157lbs","Izq.","DFC","12","N/A","€3K","€2M","€3.4M","1","No","31"
"254228","Oscar Salomón","https://sofifa.com/player/254228/oscar-salomon/270002/","https://cdn.sofifa.net/players/254/228/27_120.png","DFC","Argentina/Italia","Newell's Old Boys","110396","2026","2028","27","66","69","1999","181cm 5'11""","82kg 181lbs","Der.","DFC","3","N/A","€5K","€975K","€1.5M","1","No","22"
"267900","Martín Luciano","https://sofifa.com/player/267900/martin-luciano/270002/","https://cdn.sofifa.net/players/267/900/27_120.png","LI/MI","Argentina","Newell's Old Boys","110396","2021","2027","22","66","72","2003","170cm 5'7""","67kg 148lbs","Izq.","LI","6","N/A","€4K","€1.3M","€2.1M","1","No","3"
"270454","Martín Ortega","https://sofifa.com/player/270454/martin-ortega/270002/","https://cdn.sofifa.net/players/270/454/27_120.png","LD/MD","Argentina/Italia","Newell's Old Boys","110396","2026","2026","26","66","67","1999","183cm 6'0""","75kg 165lbs","Der.","LD","1","N/A","€5K","€925K","€1.4M","1","No","6"
"271767","Marcelo Esponda","https://sofifa.com/player/271767/marcelo-esponda/270002/","https://cdn.sofifa.net/players/271/767/27_120.png","MCD/MC/DFC","Argentina/Italia","Newell's Old Boys","110396","2022","2026","23","66","73","2003","176cm 5'9""","76kg 168lbs","Der.","MCD","7","N/A","€4K","€1.6M","€2.6M","1","No","29"
"71333","Renzo Malanca","https://sofifa.com/player/71333/renzo-malanca/270002/","https://cdn.sofifa.net/players/071/333/27_120.png","DFC","Argentina/Italia","CA Banfield","110404","2026","2029","23","66","74","2003","185cm 6'1""","83kg 183lbs","Der.","DFC","8","N/A","€4K","€1.8M","€3M","1","No","37"
"71959","Juan Luis Alfaro","https://sofifa.com/player/71959/juan-luis-alfaro/270002/","https://cdn.sofifa.net/players/071/959/27_120.png","LD/MD/ED","Argentina","CA Banfield","110404","2025","2026","26","66","69","1999","177cm 5'10""","76kg 168lbs","Der.","LD","3","N/A","€5K","€1M","€1.5M","1","No","4"
"75347","Santiago Esquivel","https://sofifa.com/player/75347/santiago-esquivel/270002/","https://cdn.sofifa.net/players/075/347/27_120.png","MC/MCD","Argentina","CA Banfield","110404","2023","2026","22","66","76","2004","175cm 5'9""","62kg 137lbs","Der.","MC","10","N/A","€4K","€1.9M","€3.1M","1","No","5"
"227602","Favio Álvarez","https://sofifa.com/player/227602/favio-alvarez/270002/","https://cdn.sofifa.net/players/227/602/27_120.png","MCO/MD/MI/MC","Argentina","CA Banfield","110404","2026","2026","33","66","71","1993","184cm 6'0""","75kg 165lbs","Der.","MCO","5","N/A","€5K","€850K","€1.3M","1","No","11"
"256159","Lucas Sanseviero","https://sofifa.com/player/256159/lucas-sanseviero/270002/","https://cdn.sofifa.net/players/256/159/27_120.png","ED/EI/MD","Uruguay","Instituto Atlético Central Córdoba","110953","","","25","66","69","2000","180cm 5'11""","72kg 159lbs","Der.","ED","3","30 jun. 2027","€4K","€1.1M","€0","1","No","19"
"260135","Wílder Viera","https://sofifa.com/player/260135/wilder-viera/270002/","https://cdn.sofifa.net/players/260/135/27_120.png","MCD/MC","Paraguay","Instituto Atlético Central Córdoba","110953","2026","2027","24","66","73","2002","182cm 6'0""","78kg 172lbs","Izq.","MCD","7","N/A","€4K","€1.6M","€2.7M","1","No","14"
"269088","Alan Nuñez","https://sofifa.com/player/269088/alan-nunez/270002/","https://cdn.sofifa.net/players/269/088/27_120.png","LD/MD","Paraguay","Argentinos Juniors","111019","2026","2027","21","66","75","2004","176cm 5'9""","65kg 143lbs","Der.","LD","9","N/A","€4K","€1.8M","€3.1M","1","No","30"
"257152","Luis Sequeira","https://sofifa.com/player/257152/luis-sequeira/270002/","https://cdn.sofifa.net/players/257/152/27_120.png","MCO/MC/MI/MCD/EI","Argentina","Independiente Rivadavia","111020","","","23","66-1","74","2003","172cm 5'8""","69kg 152lbs","Der.","MCO","8","31 dic. 2026","€5K","€1.9M","€0","1","No","77"
"72382","Juan Martín Velázquez","https://sofifa.com/player/72382/juan-martin-velazquez/270002/","https://cdn.sofifa.net/players/072/382/27_120.png","MI/LI","Argentina","Belgrano de Córdoba","111022","2023","2028","21","66","75","2004","181cm 5'11""","74kg 163lbs","Izq.","MI","9","N/A","€4K","€1.9M","€3.2M","1","No","53"
"74772","Ramiro Hernandes","https://sofifa.com/player/74772/ramiro-hernandes/270002/","https://cdn.sofifa.net/players/074/772/27_120.png","MCO/MC","Argentina","Belgrano de Córdoba","111022","2024","2028","21","66+2","80+2","2004","169cm 5'7""","63kg 139lbs","Der.","MCO","14","N/A","€4K","€2.1M","€4.5M","1","No","8"
"230984","Federico Gino","https://sofifa.com/player/230984/federico-gino/270002/","https://cdn.sofifa.net/players/230/984/27_120.png","MC/MCD","Uruguay/Italia","CA Aldosivi","111707","2025","2027","33","66","68","1993","173cm 5'8""","70kg 154lbs","Der.","MCD","2","N/A","€5K","€650K","€1M","1","No","96"
"259971","Natanael Guzmán","https://sofifa.com/player/259971/natanael-guzman/270002/","https://cdn.sofifa.net/players/259/971/27_120.png","MI/MC/MD/EI/MCD","Argentina","CA Aldosivi","111707","2023","2026","26","66","66-1","1999","171cm 5'7""","66kg 146lbs","Der.","MI","0","N/A","€5K","€925K","€1.4M","1","No","7"
"261019","Roberto Bochi","https://sofifa.com/player/261019/roberto-bochi/270002/","https://cdn.sofifa.net/players/261/019/27_120.png","MCD/MC","Argentina/Italia","CA Aldosivi","111707","2025","2026","38","66","67","1987","175cm 5'9""","68kg 150lbs","Der.","MCD","1","N/A","€3K","€240K","€378K","1","No","97"
"222417","Ezequiel Ham","https://sofifa.com/player/222417/ezequiel-ham/270002/","https://cdn.sofifa.net/players/222/417/27_120.png","MCD/MC/MCO/DFC","Siria/Argentina","Atlético Tucumán","111708","2026","2026","32","66-1","67","1994","174cm 5'9""","67kg 148lbs","Der.","MC","1","N/A","€5K","€650K","€1M","1","No","8"
"244869","Gabriel Compagnucci","https://sofifa.com/player/244869/gabriel-compagnucci/270002/","https://cdn.sofifa.net/players/244/869/27_120.png","LD/MD/DFC/ED","Argentina/Italia","Atlético Tucumán","111708","2026","2027","34","66-1","67","1991","179cm 5'10""","73kg 161lbs","Der.","LD","1","N/A","€5K","€375K","€591K","1","No","28"
"261016","Juan Infante","https://sofifa.com/player/261016/juan-infante/270002/","https://cdn.sofifa.net/players/261/016/27_120.png","LI/MI/EI","Argentina","Atlético Tucumán","111708","2024","2027","30","66","71","1996","177cm 5'10""","76kg 168lbs","Izq.","LI","5","N/A","€5K","€1M","€1.6M","1","No","32"
"70291","Simón Rivero","https://sofifa.com/player/70291/simon-rivero/270002/","https://cdn.sofifa.net/players/070/291/27_120.png","MC/MD/MCO/ED","Argentina","Tigre","111715","","","23","66","75","2003","172cm 5'8""","75kg 165lbs","Izq.","MCO","9","31 dic. 2026","€6K","€1.9M","€0","1","No","7"
"220147","Federico Álvarez","https://sofifa.com/player/220147/federico-alvarez/270002/","https://cdn.sofifa.net/players/220/147/27_120.png","LI/MI/EI","Argentina","Tigre","111715","2025","2027","31","66","68","1994","183cm 6'0""","78kg 172lbs","Izq.","LI","2","N/A","€5K","€750K","€1.2M","1","No","24"
"227549","Ramón Arias","https://sofifa.com/player/227549/ramon-arias/270002/","https://cdn.sofifa.net/players/227/549/27_120.png","DFC","Uruguay/Italia","Tigre","111715","2024","2026","33","66","72","1992","180cm 5'11""","84kg 185lbs","Der.","DFC","6","N/A","€5K","€775K","€1.3M","1","No","42"
"278460","Valentín Moreno","https://sofifa.com/player/278460/valentin-moreno/270002/","https://cdn.sofifa.net/players/278/460/27_120.png","LD/LI","Argentina","Tigre","111715","2024","2028","23","66+1","73+1","2003","172cm 5'8""","68kg 150lbs","Der.","LD","7","N/A","€4K","€1.6M","€2.7M","1","No","4"
"276819","Tobías Rubio","https://sofifa.com/player/276819/tobias-rubio/270002/","https://cdn.sofifa.net/players/276/819/27_120.png","LD/DFC/MCD","Argentina","Club Atlético Unión","111716","","","21","66","78","2004","177cm 5'10""","71kg 157lbs","Der.","LD","12","30 jun. 2027","€5K","€2M","€0","1","No","45"
"234466","Fernando Juárez","https://sofifa.com/player/234466/fernando-juarez/270002/","https://cdn.sofifa.net/players/234/466/27_120.png","MCD/MC","Argentina","Central Cordoba SdE","112965","","","27","66","69","1998","177cm 5'10""","66kg 146lbs","Der.","MCD","3","31 dic. 2026","€5K","€975K","€0","1","No","8"
"239197","Santiago Moyano","https://sofifa.com/player/239197/santiago-moyano/270002/","https://cdn.sofifa.net/players/239/197/27_120.png","LD/MD/ED","Argentina","Central Cordoba SdE","112965","2026","2027","28","66","66","1997","175cm 5'9""","80kg 176lbs","Der.","LD","0","N/A","€5K","€775K","€1.1M","1","No","33"
"267410","Juan Pablo Pignani","https://sofifa.com/player/267410/juan-pablo-pignani/270002/","https://cdn.sofifa.net/players/267/410/27_120.png","DFC","Argentina/Italia","Central Cordoba SdE","112965","","","24","66","73","2001","190cm 6'3""","80kg 176lbs","Der.","DFC","7","31 dic. 2026","€4K","€1.6M","€0","1","No","42"
"214158","Yeison Gordillo","https://sofifa.com/player/214158/yeison-gordillo/270002/","https://cdn.sofifa.net/players/214/158/27_120.png","MCD/MC","Colombia","Barracas Central","113044","2026","2026","34","66","73","1992","176cm 5'9""","74kg 163lbs","Der.","MCD","7","N/A","€5K","€1M","€1.7M","1","No","25"
"220429","Gastón Campi","https://sofifa.com/player/220429/gaston-campi/270002/","https://cdn.sofifa.net/players/220/429/27_120.png","DFC","Argentina/Italia","Barracas Central","113044","2026","2026","35","66","70","1991","192cm 6'4""","88kg 194lbs","Izq.","DFC","4","N/A","€3K","€475K","€748K","1","No","37"
"70712","Agustín Módica","https://sofifa.com/player/70712/agustin-modica/270002/","https://cdn.sofifa.net/players/070/712/27_120.png","DC","Italia/Argentina","Gimnasia y Esgrima de Mendoza","113050","2026","2029","23","66+2","77+6","2003","187cm 6'2""","79kg 174lbs","Der.","DC","11","N/A","€5K","€1.9M","€3.1M","1","No","9"
"85329","Nicolas Romano","https://sofifa.com/player/85329/nicolas-romano/270002/","https://cdn.sofifa.net/players/085/329/27_120.png","MCO/ED/EI/MC","Argentina","Gimnasia y Esgrima de Mendoza","113050","2018","2027","26","66","70","1999","170cm 5'7""","68kg 150lbs","Der.","MCO","4","N/A","€5K","€1.2M","€1.8M","1","No","10"
"244851","Germán Guiffrey","https://sofifa.com/player/244851/german-guiffrey/270002/","https://cdn.sofifa.net/players/244/851/27_120.png","DFC/LI","Argentina","Gimnasia y Esgrima de Mendoza","113050","2026","2027","28","66","68","1997","182cm 6'0""","74kg 163lbs","Izq.","DFC","2","N/A","€5K","€850K","€1.3M","1","No","16"
"255451","Juan José Franco","https://sofifa.com/player/255451/juan-jose-franco/270002/","https://cdn.sofifa.net/players/255/451/27_120.png","LD/MD","Paraguay","Gimnasia y Esgrima de Mendoza","113050","2026","2026","34","66","67","1992","175cm 5'9""","77kg 170lbs","Der.","LD","1","N/A","€5K","€375K","€572K","1","No","22"
"70168","Matías Valenti","https://sofifa.com/player/70168/matias-valenti/270002/","https://cdn.sofifa.net/players/070/168/27_120.png","DFC/LI","Argentina","Estudiantes de Río Cuarto","115470","2026","2026","23","66+1","73","2002","184cm 6'0""","83kg 183lbs","Izq.","DFC","7","N/A","€4K","€1.6M","€2.6M","1","No","31"
"257407","Raúl Alberto Lozano","https://sofifa.com/player/257407/raul-alberto-lozano/270002/","https://cdn.sofifa.net/players/257/407/27_120.png","LD/LI/MD","Argentina","Estudiantes de Río Cuarto","115470","2020","2026","28","66-1","70-1","1997","179cm 5'10""","79kg 174lbs","Der.","LD","4","N/A","€5K","€1M","€1.5M","1","No","45"
"278427","Agustín Quiroga","https://sofifa.com/player/278427/agustin-quiroga/270002/","https://cdn.sofifa.net/players/278/427/27_120.png","LI/DFC","Argentina","Estudiantes de Río Cuarto","115470","2023","2027","24","66+1","73+1","2002","179cm 5'10""","71kg 157lbs","Izq.","LI","7","N/A","€4K","€1.6M","€2.6M","1","No","29"
"70053","Pablo Monje","https://sofifa.com/player/70053/pablo-monje/270002/","https://cdn.sofifa.net/players/070/053/27_120.png","MC/MCD","Argentina","Deportivo Riestra","115472","2024","2028","29","66","66","1997","171cm 5'7""","75kg 165lbs","Der.","MCD","0","N/A","€5K","€825K","€1.2M","1","No","14"
"273766","Ibrahim Hesar","https://sofifa.com/player/273766/ibrahim-hesar/270002/","https://cdn.sofifa.net/players/273/766/27_120.png","DC/MI","Siria/Argentina","Estudiantes de Río Cuarto","115470","2026","2027","32","66+1","67+1","1993","183cm 6'0""","85kg 187lbs","Izq.","DC","1","N/A","€5K","€775K","€1.2M","1","No","77"
"226411","Cristian Paz","https://sofifa.com/player/226411/cristian-paz/270002/","https://cdn.sofifa.net/players/226/411/27_120.png","DFC/LD/MCD","Argentina","Deportivo Riestra","115472","2024","2026","31","66","66","1995","186cm 6'1""","80kg 176lbs","Der.","DFC","0","N/A","€5K","€575K","€834K","1","No","22"
"226547","Matías García","https://sofifa.com/player/226547/matias-garcia/270002/","https://cdn.sofifa.net/players/226/547/27_120.png","MCD/MC","Argentina","Deportivo Riestra","115472","2026","2026","30","66","66","1995","179cm 5'10""","75kg 165lbs","Der.","MCD","0","N/A","€5K","€725K","€1.1M","1","No","88"
"266838","Antony Alonso","https://sofifa.com/player/266838/antony-alonso/270002/","https://cdn.sofifa.net/players/266/838/27_120.png","MC/DC/MI/MCD","Uruguay/Argentina","Deportivo Riestra","115472","2026","2029","28","66","66","1998","190cm 6'3""","80kg 176lbs","Der.","MCO","0","N/A","€5K","€850K","€1.2M","1","No","7"
"78080","Alejo Córdoba","https://sofifa.com/player/78080/alejo-cordoba/270002/","https://cdn.sofifa.net/players/078/080/27_120.png","DFC","Argentina","San Lorenzo de Almagro","1013","2026","2027","22","65","77","2004","187cm 6'2""","80kg 176lbs","Der.","DFC","12","N/A","€4K","€1.7M","€2.9M","1","No","35"
"265822","Ezequiel Herrera","https://sofifa.com/player/265822/ezequiel-herrera/270002/","https://cdn.sofifa.net/players/265/822/27_120.png","LD/DFC/MCD","Argentina","San Lorenzo de Almagro","1013","2019","2027","23","65","74","2003","180cm 5'11""","76kg 168lbs","Der.","LD","9","N/A","€4K","€1.5M","€2.6M","1","No","32"
"261441","Manuel Panaro","https://sofifa.com/player/261441/manuel-panaro/270002/","https://cdn.sofifa.net/players/261/441/27_120.png","MI/MD/ED/EI","Argentina","Gimnasia y Esgrima La Plata","101084","2024","2027","23","65","74","2002","181cm 5'11""","75kg 165lbs","Der.","MI","9","N/A","€4K","€1.6M","€2.7M","1","No","7"
"268732","Mateo Seoane","https://sofifa.com/player/268732/mateo-seoane/270002/","https://cdn.sofifa.net/players/268/732/27_120.png","MC/MCD/DFC","Argentina/España","Gimnasia y Esgrima La Plata","101084","2025","2026","22","65","75","2004","178cm 5'10""","67kg 148lbs","Der.","MC","10","N/A","€4K","€1.6M","€2.7M","1","No","18"
"271832","Alexis Steimbach","https://sofifa.com/player/271832/alexis-steimbach/270002/","https://cdn.sofifa.net/players/271/832/27_120.png","LD/MD/MCD","Argentina/Alemania","Gimnasia y Esgrima La Plata","101084","2022","2028","23","65","74","2002","184cm 6'0""","76kg 168lbs","Der.","LD","9","N/A","€4K","€1.5M","€2.6M","1","No","25"
"80127","Dilan Godoy","https://sofifa.com/player/80127/dilan-godoy/270002/","https://cdn.sofifa.net/players/080/127/27_120.png","DC/MI/MD/MCO","Argentina","Vélez Sarsfield","101088","2025","2028","20","65+1","74+1","2006","176cm 5'9""","69kg 152lbs","Izq.","SD","9","N/A","€4K","€1.6M","€2.7M","1","No","15"
"81743","Mateo Pérez Curci","https://sofifa.com/player/81743/mateo-perez-curci/270002/","https://cdn.sofifa.net/players/081/743/27_120.png","MC/MCD","Argentina","Independiente","110093","2024","2028","20","65","80","2006","179cm 5'10""","68kg 150lbs","Der.","MC","15","N/A","€3K","€1.7M","€3.6M","1","No","16"
"87843","Juan Miguel Arrayago","https://sofifa.com/player/87843/juan-miguel-arrayago/270002/","https://cdn.sofifa.net/players/087/843/27_120.png","DFC","Argentina","Independiente","110093","2026","2027","17","65","79","2008","175cm 5'9""","75kg 165lbs","Der.","DFC","14","N/A","€2K","€1.5M","€3.2M","1","No","35"
"87870","Facundo Cruz","https://sofifa.com/player/87870/facundo-cruz/270002/","https://cdn.sofifa.net/players/087/870/27_120.png","MC/MCD","Argentina","Independiente","110093","2024","2028","20","65","78","2006","181cm 5'11""","80kg 176lbs","Der.","MC","13","N/A","€3K","€1.7M","€3.6M","1","No","20"
"242073","Joaquín Blázquez","https://sofifa.com/player/242073/joaquin-blazquez/270002/","https://cdn.sofifa.net/players/242/073/27_120.png","POR","Argentina/Italia","Independiente","110093","","","25","65","70","2001","193cm 6'4""","87kg 192lbs","Der.","POR","5","31 dic. 2026","€2K","€825K","€0","1","No","1"
"255197","Nicolás Morgantini","https://sofifa.com/player/255197/nicolas-morgantini/270002/","https://cdn.sofifa.net/players/255/197/27_120.png","LD/LI/MD/MI","Argentina","Lanús","110395","2020","2027","31","65","69","1994","175cm 5'9""","70kg 154lbs","Der.","LD","4","N/A","€5K","€725K","€1.1M","1","No","3"
"70680","Lucas Gómez","https://sofifa.com/player/70680/lucas-gomez/270002/","https://cdn.sofifa.net/players/070/680/27_120.png","MC/MI/MCD/LI","Argentina","Newell's Old Boys","110396","","","22","65","74","2004","180cm 5'11""","78kg 172lbs","Der.","MC","9","31 dic. 2027","€4K","€1.6M","€0","1","No","27"
"267483","Bruno Cabrera","https://sofifa.com/player/267483/bruno-cabrera/270002/","https://cdn.sofifa.net/players/267/483/27_120.png","DFC","Paraguay/Argentina","Newell's Old Boys","110396","2026","2028","29","65","66","1997","178cm 5'10""","75kg 165lbs","Der.","DFC","1","N/A","€4K","€650K","€991K","1","No","25"
"70943","Juan Iribarren","https://sofifa.com/player/70943/juan-iribarren/270002/","https://cdn.sofifa.net/players/070/943/27_120.png","LD","Argentina/España","CA Banfield","110404","2024","2026","23","65","72","2003","174cm 5'9""","74kg 163lbs","Izq.","LD","7","N/A","€3K","€1.4M","€2.3M","1","No","29"
"74100","Lautaro Cano","https://sofifa.com/player/74100/lautaro-cano/270002/","https://cdn.sofifa.net/players/074/100/27_120.png","LI","Argentina/Italia","CA Banfield","110404","2026","2026","23","65","72","2002","170cm 5'7""","64kg 141lbs","Izq.","LI","7","N/A","€3K","€1.4M","€2.3M","1","No","19"
"74792","Lisandro Piñero","https://sofifa.com/player/74792/lisandro-pinero/270002/","https://cdn.sofifa.net/players/074/792/27_120.png","MD/ED","Argentina","CA Banfield","110404","2025","2027","18","65","79","2007","169cm 5'7""","60kg 132lbs","Der.","MD","14","N/A","€2K","€1.7M","€3.5M","1","No","7"
"75960","Jhon Manuel Arteaga","https://sofifa.com/player/75960/jhon-manuel-arteaga/270002/","https://cdn.sofifa.net/players/075/960/27_120.png","MCO/MC","Colombia","CA Banfield","110404","2026","2027","27","65","68","1999","167cm 5'6""","64kg 141lbs","Der.","MCO","3","N/A","€4K","€925K","€1.4M","1","No","70"
"241020","Neyder Moreno","https://sofifa.com/player/241020/neyder-moreno/270002/","https://cdn.sofifa.net/players/241/020/27_120.png","MI/MD/EI/ED","Colombia","CA Banfield","110404","2026","2026","29","65","69","1997","175cm 5'9""","68kg 150lbs","Der.","MI","4","N/A","€4K","€900K","€1.4M","1","No","33"
"237993","Jonás Acevedo","https://sofifa.com/player/237993/jonas-acevedo/270002/","https://cdn.sofifa.net/players/237/993/27_120.png","MD/MI/MC/ED/EI/MCD","Argentina","Instituto Atlético Central Córdoba","110953","2024","2026","29","65-1","70","1997","172cm 5'8""","70kg 154lbs","Izq.","MD","5","N/A","€4K","€950K","€1.5M","1","No","8"
"243804","Gustavo Abregú","https://sofifa.com/player/243804/gustavo-abregu/270002/","https://cdn.sofifa.net/players/243/804/27_120.png","MCD/MC","Argentina","Instituto Atlético Central Córdoba","110953","2026","2026","28","65+2","66+3","1997","170cm 5'7""","73kg 161lbs","Der.","MCD","1","N/A","€4K","€700K","€1.1M","1","No","55"
"83422","Facundo Jainikoski","https://sofifa.com/player/83422/facundo-jainikoski/270002/","https://cdn.sofifa.net/players/083/422/27_120.png","EI/MI","Argentina","Argentinos Juniors","111019","2026","2026","18","65","81","2008","178cm 5'10""","70kg 154lbs","Der.","EI","16","N/A","€3K","€1.8M","€3.8M","1","No","48"
"258104","Gino Infantino","https://sofifa.com/player/258104/gino-infantino/270002/","https://cdn.sofifa.net/players/258/104/27_120.png","MD/MC/MI/ED","Argentina/Italia","Argentinos Juniors","111019","","","23","65","72","2003","179cm 5'10""","74kg 163lbs","Izq.","MD","7","31 dic. 2026","€8K","€1.4M","€0","1","No","32"
"234464","Victorio Ramis","https://sofifa.com/player/234464/victorio-ramis/270002/","https://cdn.sofifa.net/players/234/464/27_120.png","DC/EI/MD/MI/ED","Argentina","Independiente Rivadavia","111020","2023","2026","31","65-1","67","1994","181cm 5'11""","77kg 170lbs","Der.","DC","2","N/A","€6K","€700K","€1.1M","1","No","7"
"273986","Emmanuel Gómez Riga","https://sofifa.com/player/273986/emmanuel-gomez-riga/270002/","https://cdn.sofifa.net/players/273/986/27_120.png","POR","Argentina","Independiente Rivadavia","111020","2026","2026","24","65","71","2001","186cm 6'1""","77kg 170lbs","Der.","POR","6","N/A","€2K","€925K","€1.6M","1","No","21"
"214660","Lucas Rodríguez","https://sofifa.com/player/214660/lucas-rodriguez/270002/","https://cdn.sofifa.net/players/214/660/27_120.png","LI/MI/EI","Argentina","CA Aldosivi","111707","2026","2026","32","65","72","1993","169cm 5'7""","68kg 150lbs","Izq.","LI","7","N/A","€4K","€1.1M","€1.9M","1","No","98"
"270397","Santiago Moya","https://sofifa.com/player/270397/santiago-moya/270002/","https://cdn.sofifa.net/players/270/397/27_120.png","DFC","Argentina","CA Aldosivi","111707","","","23","65","75","2003","187cm 6'2""","80kg 176lbs","Der.","DFC","10","31 dic. 2026","€4K","€1.5M","€0","1","No","28"
"80098","Tiziano Perrotta","https://sofifa.com/player/80098/tiziano-perrotta/270002/","https://cdn.sofifa.net/players/080/098/27_120.png","DC/MCO","Argentina","Defensa y Justicia","111710","","","19","65+1","79+1","2006","180cm 5'11""","71kg 157lbs","Izq.","DC","14","30 jun. 2027","€4K","€1.7M","€0","1","No","11"
"279170","Daniel Zabala","https://sofifa.com/player/279170/daniel-zabala/270002/","https://cdn.sofifa.net/players/279/170/27_120.png","DFC/LD","Argentina","Huracán","111711","","","23","65","72","2003","181cm 5'11""","78kg 172lbs","Der.","DFC","7","31 dic. 2026","€5K","€1.3M","€0","1","No","22"
"266341","Brahian Cuello","https://sofifa.com/player/266341/brahian-cuello/270002/","https://cdn.sofifa.net/players/266/341/27_120.png","MI/MD/EI/ED","Argentina","Club Atlético Unión","111716","2026","2026","28","65","65","1997","170cm 5'7""","66kg 146lbs","Der.","MI","0","N/A","€4K","€725K","€1.1M","1","No","22"
"77972","Alexandro Maidana","https://sofifa.com/player/77972/alexandro-maidana/270002/","https://cdn.sofifa.net/players/077/972/27_120.png","LI/MI","Paraguay","Talleres","112670","2026","2029","20","65","79","2005","173cm 5'8""","73kg 161lbs","Izq.","LI","14","N/A","€3K","€1.6M","€3.4M","1","No","3"
"278452","Mateo Cáceres","https://sofifa.com/player/278452/mateo-caceres/270002/","https://cdn.sofifa.net/players/278/452/27_120.png","MCD/MD/MC/ED","Argentina","Talleres","112670","2025","2028","23","65","74","2002","169cm 5'7""","71kg 157lbs","Der.","MD","9","N/A","€4K","€1.5M","€2.6M","1","No","26"
"267795","Tomás Silva","https://sofifa.com/player/267795/tomas-silva/270002/","https://cdn.sofifa.net/players/267/795/27_120.png","LI","Argentina","Platense","112689","2026","2028","23","65","72","2003","176cm 5'9""","72kg 159lbs","Izq.","LI","7","N/A","€4K","€1.4M","€2.4M","1","No","3"
"223099","Diego Churín","https://sofifa.com/player/223099/diego-churin/270002/","https://cdn.sofifa.net/players/223/099/27_120.png","DC","Argentina","Club Atlético Sarmiento","112713","2026","2026","36","65","73","1989","187cm 6'2""","87kg 192lbs","Der.","DC","8","N/A","€3K","€1M","€1.7M","1","No","9"
"261351","Yair Arismendi","https://sofifa.com/player/261351/yair-arismendi/270002/","https://cdn.sofifa.net/players/261/351/27_120.png","LI/MI/EI","Argentina","Club Atlético Sarmiento","112713","2021","2026","28","65","69","1998","163cm 5'4""","62kg 137lbs","Izq.","LI","4","N/A","€4K","€850K","€1.3M","1","No","26"
"274408","Santiago Salle","https://sofifa.com/player/274408/santiago-salle/270002/","https://cdn.sofifa.net/players/274/408/27_120.png","LD/MD/MI/ED","Argentina","Club Atlético Sarmiento","112713","","","22","65","76","2004","185cm 6'1""","78kg 172lbs","Der.","LD","11","31 dic. 2026","€3K","€1.5M","€0","1","No","8"
"278745","Julián Contrera","https://sofifa.com/player/278745/julian-contrera/270002/","https://cdn.sofifa.net/players/278/745/27_120.png","MD/MC/MI/ED/MCD","Argentina","Club Atlético Sarmiento","112713","","","23","65","74","2003","167cm 5'6""","68kg 150lbs","Der.","MD","9","31 dic. 2026","€4K","€1.6M","€0","1","No","19"
"251979","Leonardo Marchi","https://sofifa.com/player/251979/leonardo-marchi/270002/","https://cdn.sofifa.net/players/251/979/27_120.png","LI/MI/EI","Argentina","Central Cordoba SdE","112965","2024","2026","29","65","65","1996","180cm 5'11""","75kg 165lbs","Izq.","LI","0","N/A","€4K","€625K","€906K","1","No","3"
"76716","Juan Barbieri","https://sofifa.com/player/76716/juan-barbieri/270002/","https://cdn.sofifa.net/players/076/716/27_120.png","DC","Argentina","Barracas Central","113044","2025","2026","29","65","68","1996","186cm 6'1""","80kg 176lbs","Der.","DC","3","N/A","€4K","€875K","€1.4M","1","No","7"
"269690","Manuel Duarte","https://sofifa.com/player/269690/manuel-duarte/270002/","https://cdn.sofifa.net/players/269/690/27_120.png","MC/MCO/MI","Argentina","Barracas Central","113044","2026","2026","24","65","72","2001","171cm 5'7""","68kg 150lbs","Der.","MCO","7","N/A","€3K","€1.4M","€2.4M","1","No","18"
"237159","Imanol González","https://sofifa.com/player/237159/imanol-gonzalez/270002/","https://cdn.sofifa.net/players/237/159/27_120.png","DFC","Argentina/Italia","Gimnasia y Esgrima de Mendoza","113050","2026","2027","28","65","67","1998","183cm 6'0""","84kg 185lbs","Izq.","DFC","2","N/A","€4K","€725K","€1.1M","1","No","6"
"215168","Juan Garro","https://sofifa.com/player/215168/juan-garro/270002/","https://cdn.sofifa.net/players/215/168/27_120.png","MD/DC/MI/ED/EI","Argentina","Estudiantes de Río Cuarto","115470","2026","2027","33","65-1","71","1992","179cm 5'10""","68kg 150lbs","Der.","MD","6","N/A","€4K","€750K","€1.2M","1","No","27"
"236429","Yeison Moreno","https://sofifa.com/player/236429/yeison-moreno/270002/","https://cdn.sofifa.net/players/236/429/27_120.png","DC","Colombia","Estudiantes de Río Cuarto","115470","2026","2027","29","65+1","70+1","1997","189cm 6'2""","84kg 185lbs","Der.","DC","5","N/A","€4K","€975K","€1.5M","1","No","16"
"232799","Nicolás Talpone","https://sofifa.com/player/232799/nicolas-talpone/270002/","https://cdn.sofifa.net/players/232/799/27_120.png","MC/MCO/MCD","Argentina","Estudiantes de Río Cuarto","115470","2024","2026","30","65+2","68+2","1996","165cm 5'5""","63kg 139lbs","Der.","MCO","3","N/A","€4K","€825K","€1.3M","1","No","19"
"241024","Matías Ruiz Díaz","https://sofifa.com/player/241024/matias-ruiz-diaz/270002/","https://cdn.sofifa.net/players/241/024/27_120.png","LD","Argentina","Estudiantes de Río Cuarto","115470","2026","2029","29","65","65","1996","179cm 5'10""","78kg 172lbs","Der.","LD","0","N/A","€4K","€625K","€906K","1","No","21"
"77007","Eric Tovo","https://sofifa.com/player/77007/eric-tovo/270002/","https://cdn.sofifa.net/players/077/007/27_120.png","DFC","Argentina","Deportivo Riestra","115472","2025","2026","34","65","65","1992","190cm 6'3""","84kg 185lbs","Der.","DFC","0","N/A","€4K","€230K","€334K","1","No","3"
"77010","Gabriel Obredor","https://sofifa.com/player/77010/gabriel-obredor/270002/","https://cdn.sofifa.net/players/077/010/27_120.png","DC/ED/EI","Argentina","Deportivo Riestra","115472","2025","2026","29","65","65","1997","193cm 6'4""","80kg 176lbs","Der.","DC","0","N/A","€4K","€725K","€1.1M","1","No","40"
"258844","Nicolás Sansotre","https://sofifa.com/player/258844/nicolas-sansotre/270002/","https://cdn.sofifa.net/players/258/844/27_120.png","LD/DFC/LI/MD","Argentina","Deportivo Riestra","115472","2024","2026","32","65","65","1993","182cm 6'0""","75kg 165lbs","Der.","LD","0","N/A","€4K","€500K","€725K","1","No","15"
"259271","Ignacio Gariglio","https://sofifa.com/player/259271/ignacio-gariglio/270002/","https://cdn.sofifa.net/players/259/271/27_120.png","DFC","Argentina","Deportivo Riestra","115472","2026","2026","28","65","67","1998","185cm 6'1""","82kg 181lbs","Der.","DFC","2","N/A","€4K","€725K","€1.1M","1","No","6"
"270487","Tomás González","https://sofifa.com/player/270487/tomas-gonzalez/270002/","https://cdn.sofifa.net/players/270/487/27_120.png","DC/MI/LI","Argentina","Deportivo Riestra","115472","","","23","65","74","2003","168cm 5'6""","65kg 143lbs","Der.","DC","9","31 dic. 2027","€4K","€1.6M","€0","1","No","21"
"75653","Agustín Ladstatter","https://sofifa.com/player/75653/agustin-ladstatter/270002/","https://cdn.sofifa.net/players/075/653/27_120.png","MI/MD/LI/LD","Argentina","San Lorenzo de Almagro","1013","2025","2027","21","64","79","2005","173cm 5'8""","65kg 143lbs","Izq.","MI","15","N/A","€3K","€1.4M","€3M","1","No","14"
"70698","Rodrigo Borzone","https://sofifa.com/player/70698/rodrigo-borzone/270002/","https://cdn.sofifa.net/players/070/698/27_120.png","POR","Argentina","Estudiantes de La Plata","101083","2024","2026","21","64","74","2004","191cm 6'3""","82kg 181lbs","Der.","POR","10","N/A","€2K","€1.1M","€1.9M","1","No","12"
"74814","Jeremías Merlo","https://sofifa.com/player/74814/jeremias-merlo/270002/","https://cdn.sofifa.net/players/074/814/27_120.png","MD/MI/EI/ED","Argentina","Gimnasia y Esgrima La Plata","101084","2024","2028","20","64","76","2006","172cm 5'8""","70kg 154lbs","Der.","MD","12","N/A","€3K","€1.4M","€2.4M","1","No","11"
"76883","Agustín Colazo","https://sofifa.com/player/76883/agustin-colazo/270002/","https://cdn.sofifa.net/players/076/883/27_120.png","DC/ED/MD","Argentina","Gimnasia y Esgrima La Plata","101084","2026","2027","25","64+1","66+1","2000","186cm 6'1""","79kg 174lbs","Der.","DC","2","N/A","€5K","€750K","€1.2M","1","No","19"
"261177","Leandro Mamut","https://sofifa.com/player/261177/leandro-mamut/270002/","https://cdn.sofifa.net/players/261/177/27_120.png","MC/MI/MCO/EI","Argentina","Gimnasia y Esgrima La Plata","101084","2021","2026","22","64","75","2003","178cm 5'10""","69kg 152lbs","Der.","MCO","11","N/A","€4K","€1.3M","€2.2M","1","No","34"
"79248","Alan Forneris","https://sofifa.com/player/79248/alan-forneris/270002/","https://cdn.sofifa.net/players/079/248/27_120.png","MCD/MC/DFC","Argentina","Racing Club","101085","2025","2029","21","64","73","2005","182cm 6'0""","83kg 183lbs","Der.","MCD","9","N/A","€4K","€1.2M","€2M","1","No","8"
"70572","David Martínez","https://sofifa.com/player/70572/david-martinez/270002/","https://cdn.sofifa.net/players/070/572/27_120.png","MCD/MC","Argentina","Independiente","110093","2023","2026","22","64","75","2004","170cm 5'7""","67kg 148lbs","Der.","DFC","11","N/A","€3K","€1.2M","€2M","1","No","32"
"247037","Alejo Montero","https://sofifa.com/player/247037/alejo-montero/270002/","https://cdn.sofifa.net/players/247/037/27_120.png","LD/MD/ED","Argentina","Newell's Old Boys","110396","2025","2027","28","64","64","1998","183cm 6'0""","75kg 165lbs","Der.","MCO","0","N/A","€4K","€525K","€761K","1","No","4"
"271596","Ian Glavinovich","https://sofifa.com/player/271596/ian-glavinovich/270002/","https://cdn.sofifa.net/players/271/596/27_120.png","DFC","Argentina/Croacia","Newell's Old Boys","110396","2022","2026","24","64","73","2001","183cm 6'0""","75kg 165lbs","Der.","DFC","9","N/A","€3K","€1.2M","€2M","1","No","2"
"78015","Santiago Daniele","https://sofifa.com/player/78015/santiago-daniele/270002/","https://cdn.sofifa.net/players/078/015/27_120.png","DFC","Argentina","CA Banfield","110404","2025","2027","20","64","76","2005","183cm 6'0""","72kg 159lbs","Der.","DFC","12","N/A","€2K","€1.3M","€2.1M","1","No","2"
"274196","Matías Fonseca","https://sofifa.com/player/274196/matias-fonseca/270002/","https://cdn.sofifa.net/players/274/196/27_120.png","DC","Uruguay/Italia","Instituto Atlético Central Córdoba","110953","2025","2027","25","64","66","2001","181cm 5'11""","77kg 170lbs","Der.","DC","2","N/A","€4K","€750K","€1.2M","1","No","11"
"70681","Gonzalo Siri","https://sofifa.com/player/70681/gonzalo-siri/270002/","https://cdn.sofifa.net/players/070/681/27_120.png","POR","Argentina","Argentinos Juniors","111019","2024","2030","23","64","71","2003","183cm 6'0""","70kg 154lbs","Der.","POR","7","N/A","€2K","€1M","€1.7M","1","No","12"
"77724","Diego Porcel","https://sofifa.com/player/77724/diego-porcel/270002/","https://cdn.sofifa.net/players/077/724/27_120.png","DC/EI/ED/MI","Argentina","Argentinos Juniors","111019","2025","2028","21","64","74","2005","177cm 5'10""","71kg 157lbs","Der.","DC","10","N/A","€3K","€1.3M","€2.2M","1","No","7"
"267573","Luciano Sánchez","https://sofifa.com/player/267573/luciano-sanchez/270002/","https://cdn.sofifa.net/players/267/573/27_120.png","LI/LD","Argentina/España","Argentinos Juniors","111019","2022","2026","32","64","70","1994","169cm 5'7""","66kg 146lbs","Der.","DFC","6","N/A","€4K","€650K","€1.1M","1","No","3"
"78169","Agustín Falcón","https://sofifa.com/player/78169/agustin-falcon/270002/","https://cdn.sofifa.net/players/078/169/27_120.png","LD","Argentina","Belgrano de Córdoba","111022","2026","2027","21","64","72","2005","179cm 5'10""","79kg 174lbs","Der.","LD","8","N/A","€3K","€1.3M","€2.2M","1","No","45"
"79389","Bautista Dadín","https://sofifa.com/player/79389/bautista-dadin/270002/","https://cdn.sofifa.net/players/079/389/27_120.png","DC","Argentina","CA Aldosivi","111707","","","20","64","73","2006","179cm 5'10""","69kg 152lbs","Izq.","EI","9","31 dic. 2027","€4K","€1.3M","€0","1","No","16"
"240955","Tomás Durso","https://sofifa.com/player/240955/tomas-durso/270002/","https://cdn.sofifa.net/players/240/955/27_120.png","POR","Argentina/Italia","Atlético Tucumán","111708","2025","2027","27","64","67","1999","185cm 6'1""","80kg 176lbs","Der.","POR","3","N/A","€2K","€575K","€906K","1","No","25"
"264792","Ignacio Galván","https://sofifa.com/player/264792/ignacio-galvan/270002/","https://cdn.sofifa.net/players/264/792/27_120.png","LI/MI/EI","Argentina","Atlético Tucumán","111708","","","23","64+2","74+3","2002","181cm 5'11""","80kg 176lbs","Izq.","LI","10","31 dic. 2026","€4K","€1.2M","€0","1","No","21"
"73359","Ayrton Portillo","https://sofifa.com/player/73359/ayrton-portillo/270002/","https://cdn.sofifa.net/players/073/359/27_120.png","LD/MD/ED","Argentina","Defensa y Justicia","111710","2024","2027","25","64","67","2000","182cm 6'0""","72kg 159lbs","Der.","LD","3","N/A","€4K","€725K","€1.1M","1","No","16"
"74856","Maximiliano Porcel","https://sofifa.com/player/74856/maximiliano-porcel/270002/","https://cdn.sofifa.net/players/074/856/27_120.png","MI/MC/EI","Argentina","Defensa y Justicia","111710","2026","2027","20","64","74","2006","171cm 5'7""","66kg 146lbs","Izq.","MI","10","N/A","€3K","€1.3M","€2.2M","1","No","22"
"272949","Manuel Brondo","https://sofifa.com/player/272949/manuel-brondo/270002/","https://cdn.sofifa.net/players/272/949/27_120.png","DC","Argentina","Atlético Tucumán","111708","","","24","64+1","70+2","2002","178cm 5'10""","70kg 154lbs","Der.","DC","6","31 dic. 2026","€4K","€925K","€0","1","No","30"
"71908","Santiago Sosa","https://sofifa.com/player/71908/santiago-sosa/270002/","https://cdn.sofifa.net/players/071/908/27_120.png","MCD/MC","Argentina","Defensa y Justicia","111710","2025","2028","21","64+2","78+1","2005","175cm 5'9""","71kg 157lbs","Der.","MCD","14","N/A","€3K","€1.4M","€3M","1","No","15"
"257153","Agustín Hausch","https://sofifa.com/player/257153/agustin-hausch/270002/","https://cdn.sofifa.net/players/257/153/27_120.png","DC/EI/MD/MCO","Argentina","Defensa y Justicia","111710","2025","2028","23","64","73","2003","175cm 5'9""","65kg 143lbs","Der.","ED","9","N/A","€4K","€1.3M","€2.2M","1","No","17"
"75258","Ignacio Campo","https://sofifa.com/player/75258/ignacio-campo/270002/","https://cdn.sofifa.net/players/075/258/27_120.png","LD","Argentina","Huracán","111711","2026","2028","21","64","77","2005","179cm 5'10""","74kg 163lbs","Der.","LD","13","N/A","€3K","€1.4M","€3M","1","No","34"
"76732","Manuel Fernández","https://sofifa.com/player/76732/manuel-fernandez/270002/","https://cdn.sofifa.net/players/076/732/27_120.png","MD/ED","Argentina","Tigre","111715","","","21","64","74","2004","181cm 5'11""","63kg 139lbs","Der.","MD","10","31 dic. 2026","€3K","€1.3M","€0","1","No","18"
"80119","Giovanni Baroni","https://sofifa.com/player/80119/giovanni-baroni/270002/","https://cdn.sofifa.net/players/080/119/27_120.png","MCO/MD/MC","Argentina/Italia","Talleres","112670","2026","2026","17","64","81","2009","186cm 6'1""","75kg 165lbs","Izq.","MCO","17","N/A","€2K","€1.5M","€3.2M","1","No","10"
"277947","Matías Gómez","https://sofifa.com/player/277947/matias-gomez/270002/","https://cdn.sofifa.net/players/277/947/27_120.png","MC/MCD/LD","Argentina","Talleres","112670","2023","2027","20","64","78","2005","172cm 5'8""","67kg 148lbs","Der.","MC","14","N/A","€3K","€1.4M","€3M","1","No","21"
"75309","Fabricio López","https://sofifa.com/player/75309/fabricio-lopez/270002/","https://cdn.sofifa.net/players/075/309/27_120.png","LD/MD","Argentina","Platense","112689","2022","2027","23","64","73","2002","179cm 5'10""","74kg 163lbs","Der.","LD","9","N/A","€3K","€1.2M","€2M","1","No","50"
"74842","Agustín Seyral","https://sofifa.com/player/74842/agustin-seyral/270002/","https://cdn.sofifa.net/players/074/842/27_120.png","DFC","Argentina","Club Atlético Sarmiento","112713","2024","2027","21","64","74","2005","188cm 6'2""","68kg 150lbs","Der.","DFC","10","N/A","€2K","€1.2M","€2M","1","No","34"
"77028","Elián Giménez","https://sofifa.com/player/77028/elian-gimenez/270002/","https://cdn.sofifa.net/players/077/028/27_120.png","MC/MCD/DFC","Argentina","Club Atlético Sarmiento","112713","2026","2027","22","64","72","2004","175cm 5'9""","65kg 143lbs","Der.","MC","8","N/A","€3K","€1.3M","€2.1M","1","No","23"
"77375","Gastón Arturia","https://sofifa.com/player/77375/gaston-arturia/270002/","https://cdn.sofifa.net/players/077/375/27_120.png","DFC","Argentina","Club Atlético Sarmiento","112713","","","26","64","69","1999","183cm 6'0""","66kg 146lbs","Der.","DFC","5","31 dic. 2026","€3K","€775K","€0","1","No","6"
"83082","Juan Manuel Cabrera","https://sofifa.com/player/83082/juan-manuel-cabrera/270002/","https://cdn.sofifa.net/players/083/082/27_120.png","DFC/LD","Argentina","Club Atlético Sarmiento","112713","2026","2026","26","64","68","2000","180cm 5'11""","80kg 176lbs","Der.","DFC","4","N/A","€3K","€725K","€1.1M","1","No","4"
"278469","Thyago Ayala","https://sofifa.com/player/278469/thyago-ayala/270002/","https://cdn.sofifa.net/players/278/469/27_120.png","POR","Argentina","Club Atlético Sarmiento","112713","2024","2026","24","64+1","72+3","2001","188cm 6'2""","80kg 176lbs","Der.","POR","8","N/A","€2K","€1.1M","€1.8M","1","No","12"
"72005","Yuri Casermeiro","https://sofifa.com/player/72005/yuri-casermeiro/270002/","https://cdn.sofifa.net/players/072/005/27_120.png","DFC","Argentina","Central Cordoba SdE","112965","2024","2026","24","64","71","2002","190cm 6'3""","83kg 183lbs","Der.","DFC","7","N/A","€3K","€1.1M","€1.8M","1","No","17"
"276708","Juan Cardozo","https://sofifa.com/player/276708/juan-cardozo/270002/","https://cdn.sofifa.net/players/276/708/27_120.png","MCD/MC/DFC","Paraguay/Argentina","Central Cordoba SdE","112965","","","22","64","72","2004","184cm 6'0""","73kg 161lbs","Der.","MCD","8","31 dic. 2026","€3K","€1.2M","€0","1","No","55"
"76072","Iván Guaraz","https://sofifa.com/player/76072/ivan-guaraz/270002/","https://cdn.sofifa.net/players/076/072/27_120.png","MCD/MC","Argentina","Barracas Central","113044","2025","2026","21","64+1","75-1","2005","176cm 5'9""","72kg 159lbs","Der.","MCD","11","N/A","€2K","€1.2M","€2M","1","No","16"
"272313","Maximiliano Puig","https://sofifa.com/player/272313/maximiliano-puig/270002/","https://cdn.sofifa.net/players/272/313/27_120.png","MD/MC/MCD/ED","Argentina","Barracas Central","113044","2022","2026","25","64+2","67+2","2000","172cm 5'8""","76kg 168lbs","Der.","MC","3","N/A","€3K","€775K","€1.2M","1","No","79"
"261349","Luciano Cingolani","https://sofifa.com/player/261349/luciano-cingolani/270002/","https://cdn.sofifa.net/players/261/349/27_120.png","MD/ED","Argentina/Italia","Gimnasia y Esgrima de Mendoza","113050","2025","2026","25","64","67","2001","172cm 5'8""","67kg 148lbs","Der.","MD","3","N/A","€3K","€775K","€1.2M","1","No","7"
"70043","Juan Antonini","https://sofifa.com/player/70043/juan-antonini/270002/","https://cdn.sofifa.net/players/070/043/27_120.png","DFC/LD","Argentina/Italia","Estudiantes de Río Cuarto","115470","2026","2026","27","64+1","69+1","1999","187cm 6'2""","84kg 185lbs","Der.","DFC","5","N/A","€3K","€750K","€1.1M","1","No","6"
"246115","Mauro Valiente","https://sofifa.com/player/246115/mauro-valiente/270002/","https://cdn.sofifa.net/players/246/115/27_120.png","DC/MD/MCO","Argentina","Estudiantes de Río Cuarto","115470","2023","2026","26","64+1","70+1","2000","179cm 5'10""","73kg 161lbs","Der.","DC","6","N/A","€4K","€900K","€1.5M","1","No","22"
"259209","Mateo Bajamich","https://sofifa.com/player/259209/mateo-bajamich/270002/","https://cdn.sofifa.net/players/259/209/27_120.png","DC/MI/MCO/EI","Argentina/Croacia","Estudiantes de Río Cuarto","115470","","","26","64+1","69+1","1999","178cm 5'10""","75kg 165lbs","Der.","MCO","5","31 dic. 2026","€4K","€850K","€0","1","No","32"
"263689","Agustín Lastra","https://sofifa.com/player/263689/agustin-lastra/270002/","https://cdn.sofifa.net/players/263/689/27_120.png","POR","Argentina","Estudiantes de Río Cuarto","115470","","","25","64","70","2001","194cm 6'4""","83kg 183lbs","Der.","POR","6","31 dic. 2026","€3K","€725K","€0","1","No","43"
"271895","Fernando Rodríguez","https://sofifa.com/player/271895/fernando-rodriguez/270002/","https://cdn.sofifa.net/players/271/895/27_120.png","LI/MI","Argentina","Estudiantes de Río Cuarto","115470","2026","2027","25","64+2","72+1","2000","182cm 6'0""","79kg 174lbs","Izq.","LI","8","N/A","€3K","€1.2M","€2M","1","No","23"
"87427","Ángel Almada","https://sofifa.com/player/87427/angel-almada/270002/","https://cdn.sofifa.net/players/087/427/27_120.png","EI/MI/ED","Argentina","Deportivo Riestra","115472","2026","2027","25","64","68","2000","182cm 6'0""","77kg 170lbs","Izq.","EI","4","N/A","€4K","€825K","€1.3M","1","No","17"
"219175","Juan Cruz Randazzo","https://sofifa.com/player/219175/juan-cruz-randazzo/270002/","https://cdn.sofifa.net/players/219/175/27_120.png","DFC","Argentina","Deportivo Riestra","115472","2025","2026","31","64","64","1994","184cm 6'0""","72kg 159lbs","Der.","DFC","0","N/A","€4K","€400K","€580K","1","No","19"
"275882","Rodrigo Gallo","https://sofifa.com/player/275882/rodrigo-gallo/270002/","https://cdn.sofifa.net/players/275/882/27_120.png","LI/DFC/MI/MCD","Argentina","Deportivo Riestra","115472","2025","2026","25","64","69","2000","178cm 5'10""","78kg 172lbs","Izq.","LI","5","N/A","€3K","€800K","€1.2M","1","No","13"
"83366","Franco Lorenzon","https://sofifa.com/player/83366/franco-lorenzon/270002/","https://cdn.sofifa.net/players/083/366/27_120.png","DFC","Argentina/Italia","San Lorenzo de Almagro","1013","2026","2026","25","63","68","2001","188cm 6'2""","77kg 170lbs","Der.","DFC","5","N/A","€4K","€625K","€984K","1","No","42"
"83458","Nicolás Blanco","https://sofifa.com/player/83458/nicolas-blanco/270002/","https://cdn.sofifa.net/players/083/458/27_120.png","LD","Argentina","San Lorenzo de Almagro","1013","2026","2028","19","63","77","2007","170cm 5'7""","65kg 143lbs","Der.","LD","14","N/A","€2K","€1.1M","€2.3M","1","No","54"
"87932","Facundo Herrera","https://sofifa.com/player/87932/facundo-herrera/270002/","https://cdn.sofifa.net/players/087/932/27_120.png","DFC","Argentina","Boca Juniors","1877","2026","2030","19","63","78","2006","183cm 6'0""","80kg 176lbs","Der.","DFC","15","N/A","€3K","€1.1M","€2.2M","1","No","42"
"70137","Julián Kadijevic","https://sofifa.com/player/70137/julian-kadijevic/270002/","https://cdn.sofifa.net/players/070/137/27_120.png","POR","Argentina/Grecia","Gimnasia y Esgrima La Plata","101084","2026","2026","22","63","73","2004","186cm 6'1""","78kg 172lbs","Der.","POR","10","N/A","€2K","€925K","€1.6M","1","No","27"
"273092","Diego Mastrángelo","https://sofifa.com/player/273092/diego-mastrangelo/270002/","https://cdn.sofifa.net/players/273/092/27_120.png","DFC/MI/EI","Argentina/EE.UU.","Gimnasia y Esgrima La Plata","101084","2025","2027","23","63","73","2002","176cm 5'9""","73kg 161lbs","Der.","DFC","10","N/A","€3K","€1M","€1.7M","1","No","6"
"88750","Alberto Campo","https://sofifa.com/player/88750/alberto-campo/270002/","https://cdn.sofifa.net/players/088/750/27_120.png","DC","Ecuador","Racing Club","101085","2026","2027","19","63","76","2006","186cm 6'1""","71kg 157lbs","Izq.","DC","13","N/A","€4K","€1.1M","€2.3M","1","No","35"
"84092","Luca Feler","https://sofifa.com/player/84092/luca-feler/270002/","https://cdn.sofifa.net/players/084/092/27_120.png","MC/MCD","Argentina","Vélez Sarsfield","101088","2026","2026","18","63+2","77+2","2008","178cm 5'10""","69kg 152lbs","Der.","MC","14","N/A","€2K","€1.1M","€2.3M","1","No","48"
"84601","Yoshan Valois","https://sofifa.com/player/84601/yoshan-valois/270002/","https://cdn.sofifa.net/players/084/601/27_120.png","DC","Colombia","Lanús","110395","2026","2029","21","63","73","2004","187cm 6'2""","77kg 170lbs","Der.","DC","10","N/A","€4K","€1.1M","€1.9M","1","No","19"
"71457","Josué Reinatti","https://sofifa.com/player/71457/josue-reinatti/270002/","https://cdn.sofifa.net/players/071/457/27_120.png","POR","Argentina","Newell's Old Boys","110396","2024","2026","22","63","73","2003","186cm 6'1""","70kg 154lbs","Der.","POR","10","N/A","€2K","€925K","€1.5M","1","No","30"
"70194","Lautaro Gomez","https://sofifa.com/player/70194/lautaro-gomez/270002/","https://cdn.sofifa.net/players/070/194/27_120.png","MCO/MD/MC","Argentina","CA Banfield","110404","2026","2026","22","63","72","2003","170cm 5'7""","70kg 154lbs","Izq.","EI","9","N/A","€3K","€1.1M","€1.8M","1","No","10"
"70687","Federico Medina","https://sofifa.com/player/70687/federico-medina/270002/","https://cdn.sofifa.net/players/070/687/27_120.png","ED/MD","Argentina","CA Banfield","110404","2024","2026","22","63","75","2004","162cm 5'4""","60kg 132lbs","Der.","ED","12","N/A","€3K","€1.2M","€2M","1","No","18"
"75709","Brandon Oviedo","https://sofifa.com/player/75709/brandon-oviedo/270002/","https://cdn.sofifa.net/players/075/709/27_120.png","DFC/LD/MCD","Argentina","CA Banfield","110404","2024","2028","21","63","75","2005","183cm 6'0""","68kg 150lbs","Der.","DFC","12","N/A","€2K","€1.1M","€1.8M","1","No","13"
"225714","Federico Anselmo","https://sofifa.com/player/225714/federico-anselmo/270002/","https://cdn.sofifa.net/players/225/714/27_120.png","DC","Argentina","CA Banfield","110404","2026","2026","32","63","64","1994","186cm 6'1""","82kg 181lbs","Der.","DC","1","N/A","€4K","€425K","€648K","1","No","30"
"258337","Ignacio Pais","https://sofifa.com/player/258337/ignacio-pais/270002/","https://cdn.sofifa.net/players/258/337/27_120.png","MC/MCD","Argentina/España","CA Banfield","110404","2026","2026","26","63","66","2000","170cm 5'7""","67kg 148lbs","Der.","MC","3","N/A","€3K","€625K","€953K","1","No","35"
"265444","Ulises Ciccioli","https://sofifa.com/player/265444/ulises-ciccioli/270002/","https://cdn.sofifa.net/players/265/444/27_120.png","LD","Argentina","Rosario Central","110580","2021","2026","22","63","68","2003","175cm 5'9""","68kg 150lbs","Der.","LD","5","N/A","€3K","€700K","€1.1M","1","No","99"
"70136","Agustín Bravo","https://sofifa.com/player/70136/agustin-bravo/270002/","https://cdn.sofifa.net/players/070/136/27_120.png","DFC/LI","Argentina","Instituto Atlético Central Córdoba","110953","","","25","63","68","2001","185cm 6'1""","80kg 176lbs","Izq.","DFC","5","31 dic. 2026","€4K","€625K","€0","1","No","32"
"266343","Facundo Suárez","https://sofifa.com/player/266343/facundo-suarez/270002/","https://cdn.sofifa.net/players/266/343/27_120.png","DC/MCO","Argentina","Instituto Atlético Central Córdoba","110953","2024","2026","32","63+1","67","1994","183cm 6'0""","78kg 172lbs","Der.","DC","4","N/A","€4K","€525K","€827K","1","No","9"
"71078","Kevin Coronel","https://sofifa.com/player/71078/kevin-coronel/270002/","https://cdn.sofifa.net/players/071/078/27_120.png","LD/LI/MD/MI","Argentina","Argentinos Juniors","111019","2023","2027","21","63","75","2004","168cm 5'6""","66kg 146lbs","Der.","LD","12","N/A","€2K","€1.1M","€1.9M","1","No","22"
"82314","Lautaro Gutiérrez","https://sofifa.com/player/82314/lautaro-gutierrez/270002/","https://cdn.sofifa.net/players/082/314/27_120.png","MCO/MC","Argentina","Belgrano de Córdoba","111022","2025","2028","20","63","71","2006","185cm 6'1""","89kg 196lbs","Der.","MCO","8","N/A","€3K","€1.1M","€1.9M","1","No","37"
"211262","Manuel Vicentini","https://sofifa.com/player/211262/manuel-vicentini/270002/","https://cdn.sofifa.net/players/211/262/27_120.png","POR","Argentina/Italia","Belgrano de Córdoba","111022","2025","2026","35","63","66","1990","187cm 6'2""","86kg 190lbs","Der.","POR","3","N/A","€1K","€160K","€252K","1","No","23"
"83300","Federico Laurelli","https://sofifa.com/player/83300/federico-laurelli/270002/","https://cdn.sofifa.net/players/083/300/27_120.png","DFC/LI","Argentina","CA Aldosivi","111707","2026","2026","21","63","75","2004","188cm 6'2""","77kg 170lbs","Izq.","DFC","12","N/A","€2K","€1.1M","€1.9M","1","No","17"
"77014","Leandro Lescano","https://sofifa.com/player/77014/leandro-lescano/270002/","https://cdn.sofifa.net/players/077/014/27_120.png","LI","Argentina","Huracán","111711","2025","2028","23","63","69-2","2003","172cm 5'8""","65kg 143lbs","Izq.","LI","6","N/A","€3K","€700K","€1.2M","1","No","19"
"70676","Nicolás Dubersarsky","https://sofifa.com/player/70676/nicolas-dubersarsky/270002/","https://cdn.sofifa.net/players/070/676/27_120.png","MC/MCD/DFC","Argentina/Italia","Tigre","111715","","","21","63","74","2004","188cm 6'2""","80kg 176lbs","Der.","MC","11","30 jun. 2027","€2K","€1.1M","€0","1","No","16"
"277836","Lucas Meuli","https://sofifa.com/player/277836/lucas-meuli/270002/","https://cdn.sofifa.net/players/277/836/27_120.png","POR","Argentina","Club Atlético Unión","111716","2023","2026","25","63","69","2001","185cm 6'1""","71kg 157lbs","Izq.","POR","6","N/A","€2K","€600K","€1M","1","No","40"
"74777","Mateo Mendía","https://sofifa.com/player/74777/mateo-mendia/270002/","https://cdn.sofifa.net/players/074/777/27_120.png","DFC","Argentina","Platense","112689","2024","2028","22","63","71","2004","191cm 6'3""","81kg 179lbs","Der.","DFC","8","N/A","€3K","€1M","€1.7M","1","No","34"
"83385","Osmar Giménez Bernal","https://sofifa.com/player/83385/osmar-gimenez-bernal/270002/","https://cdn.sofifa.net/players/083/385/27_120.png","MCO/MD/MI/MC","Paraguay","Club Atlético Sarmiento","112713","2026","2026","19","63","82","2007","175cm 5'9""","70kg 154lbs","Der.","MCO","19","N/A","€2K","€1.2M","€2.5M","1","No","18"
"271931","Agustín Nadruz","https://sofifa.com/player/271931/agustin-nadruz/270002/","https://cdn.sofifa.net/players/271/931/27_120.png","MCD/MC","Uruguay/España","Club Atlético Sarmiento","112713","2026","2027","30","63","68","1996","183cm 6'0""","84kg 185lbs","Der.","MCD","5","N/A","€3K","€575K","€877K","1","No","17"
"279166","Ulises Giménez","https://sofifa.com/player/279166/ulises-gimenez/270002/","https://cdn.sofifa.net/players/279/166/27_120.png","DFC","Argentina","Club Atlético Sarmiento","112713","","","20","63","74","2006","178cm 5'10""","76kg 168lbs","Der.","DFC","11","30 jun. 2027","€3K","€975K","€0","1","No","20"
"263418","Lucas Varaldo","https://sofifa.com/player/263418/lucas-varaldo/270002/","https://cdn.sofifa.net/players/263/418/27_120.png","DC/MCO","Argentina","Central Cordoba SdE","112965","2024","2026","24","63","70","2002","176cm 5'9""","69kg 152lbs","Der.","DC","7","N/A","€3K","€975K","€1.6M","1","No","9"
"271855","Fernando Martínez","https://sofifa.com/player/271855/fernando-martinez/270002/","https://cdn.sofifa.net/players/271/855/27_120.png","LD/MD/ED","Argentina","Central Cordoba SdE","112965","2022","2026","25","63","68","2000","175cm 5'9""","72kg 159lbs","Der.","LD","5","N/A","€3K","€650K","€991K","1","No","20"
"83435","Javier Ferreira","https://sofifa.com/player/83435/javier-ferreira/270002/","https://cdn.sofifa.net/players/083/435/27_120.png","DC","Paraguay/Argentina","Estudiantes de Río Cuarto","115470","2025","2026","34","63+1","63+1","1992","185cm 6'1""","72kg 159lbs","Der.","DC","0","N/A","€4K","€230K","€334K","1","No","9"
"245095","Lucas González","https://sofifa.com/player/245095/lucas-gonzalez/270002/","https://cdn.sofifa.net/players/245/095/27_120.png","DC","Argentina","Estudiantes de Río Cuarto","115470","2025","2026","28","63","64","1997","186cm 6'1""","77kg 170lbs","Der.","DC","1","N/A","€4K","€525K","€801K","1","No","7"
"255352","Francesco Lo Celso","https://sofifa.com/player/255352/francesco-lo-celso/270002/","https://cdn.sofifa.net/players/255/352/27_120.png","MI/MCO/MC/EI","Argentina/Italia","Estudiantes de Río Cuarto","115470","2026","2026","26","63+1","69+3","2000","182cm 6'0""","77kg 170lbs","Izq.","MI","6","N/A","€3K","€725K","€1.2M","1","No","40"
"77005","Facundo Miño","https://sofifa.com/player/77005/facundo-mino/270002/","https://cdn.sofifa.net/players/077/005/27_120.png","DFC/LD/MCD","Argentina","Deportivo Riestra","115472","2025","2026","26","63","65","1999","185cm 6'1""","74kg 163lbs","Der.","DFC","2","N/A","€3K","€525K","€801K","1","No","24"
"77006","Mariano Bracamonte","https://sofifa.com/player/77006/mariano-bracamonte/270002/","https://cdn.sofifa.net/players/077/006/27_120.png","LD/LI","Argentina","Deportivo Riestra","115472","2026","2027","27","63","64","1999","177cm 5'10""","67kg 148lbs","Der.","LD","1","N/A","€3K","€500K","€763K","1","No","36"
"80225","Angel Stringa","https://sofifa.com/player/80225/angel-stringa/270002/","https://cdn.sofifa.net/players/080/225/27_120.png","EI/MI","Argentina","Deportivo Riestra","115472","2025","2026","30","63","63","1996","180cm 5'11""","72kg 159lbs","Der.","EI","0","N/A","€4K","€475K","€689K","1","No","35"
"82884","Mauro Smarra","https://sofifa.com/player/82884/mauro-smarra/270002/","https://cdn.sofifa.net/players/082/884/27_120.png","MCO/MC","Argentina","Deportivo Riestra","115472","2026","2026","27","63","64","1999","166cm 5'5""","65kg 143lbs","Izq.","MCO","1","N/A","€3K","€550K","€839K","1","No","31"
"258048","Pedro David Ramírez","https://sofifa.com/player/258048/pedro-david-ramirez/270002/","https://cdn.sofifa.net/players/258/048/27_120.png","LI/LD/MD/MI","Argentina","Deportivo Riestra","115472","2026","2028","26","63","66","2000","175cm 5'9""","76kg 168lbs","Der.","LI","3","N/A","€3K","€575K","€877K","1","No","5"
"77024","Juan Rattalino","https://sofifa.com/player/77024/juan-rattalino/270002/","https://cdn.sofifa.net/players/077/024/27_120.png","MC/MCD","Argentina","San Lorenzo de Almagro","1013","2025","2027","22","62","73","2004","168cm 5'6""","69kg 152lbs","Der.","MC","11","N/A","€3K","€900K","€1.5M","1","No","13"
"81619","Facundo González","https://sofifa.com/player/81619/facundo-gonzalez/270002/","https://cdn.sofifa.net/players/081/619/27_120.png","DFC/LI","Argentina","River Plate","1876","2024","2028","20","62","74","2006","180cm 5'11""","73kg 161lbs","Izq.","DFC","12","N/A","€3K","€900K","€1.4M","1","No","31"
"71491","Joaquín Pereyra","https://sofifa.com/player/71491/joaquin-pereyra/270002/","https://cdn.sofifa.net/players/071/491/27_120.png","LI","Argentina","Estudiantes de La Plata","101083","2024","2027","21","62","74","2005","180cm 5'11""","74kg 163lbs","Izq.","LI","12","N/A","€3K","€950K","€1.6M","1","No","36"
"70699","Juan Cortazzo","https://sofifa.com/player/70699/juan-cortazzo/270002/","https://cdn.sofifa.net/players/070/699/27_120.png","DFC","Argentina","Gimnasia y Esgrima La Plata","101084","2024","2027","20","62","75","2005","186cm 6'1""","79kg 174lbs","Der.","DFC","13","N/A","€2K","€900K","€1.9M","1","No","35"
"81808","Pablo Aguiar","https://sofifa.com/player/81808/pablo-aguiar/270002/","https://cdn.sofifa.net/players/081/808/27_120.png","MCD/MC","Paraguay/Argentina","Gimnasia y Esgrima La Plata","101084","2026","2026","20","62","71","2006","171cm 5'7""","67kg 148lbs","Der.","MCD","9","N/A","€2K","€825K","€1.4M","1","No","33"
"278464","Leonel Pérez","https://sofifa.com/player/278464/leonel-perez/270002/","https://cdn.sofifa.net/players/278/464/27_120.png","MC/MCD","Argentina","Racing Club","101085","2026","2031","21","62","76","2004","186cm 6'1""","76kg 168lbs","Der.","MC","14","N/A","€3K","€975K","€2.1M","1","No","33"
"79234","Álex Verón","https://sofifa.com/player/79234/alex-veron/270002/","https://cdn.sofifa.net/players/079/234/27_120.png","MI/MD/EI","Argentina","Vélez Sarsfield","101088","2025","2027","17","62+2","78","2008","175cm 5'9""","68kg 150lbs","Izq.","MI","16","N/A","€2K","€1M","€2.1M","1","No","17"
"83462","Simón Escobar","https://sofifa.com/player/83462/simon-escobar/270002/","https://cdn.sofifa.net/players/083/462/27_120.png","LI/MI","Argentina","Vélez Sarsfield","101088","2026","2027","16","62+2","81","2009","185cm 6'1""","75kg 165lbs","Izq.","LI","19","N/A","€2K","€950K","€2M","1","No","18"
"81897","Thomas Ríos","https://sofifa.com/player/81897/thomas-rios/270002/","https://cdn.sofifa.net/players/081/897/27_120.png","EI/DC/MI","Argentina","Newell's Old Boys","110396","2026","2029","19","62","75","2006","171cm 5'7""","72kg 159lbs","Izq.","EI","13","N/A","€2K","€950K","€2M","1","No","39"
"273538","Nicolás Goitea","https://sofifa.com/player/273538/nicolas-goitea/270002/","https://cdn.sofifa.net/players/273/538/27_120.png","DFC","Argentina","Newell's Old Boys","110396","2019","2026","29","62","64","1997","185cm 6'1""","79kg 174lbs","Der.","DFC","2","N/A","€3K","€400K","€610K","1","No","23"
"275429","David Sotelo","https://sofifa.com/player/275429/david-sotelo/270002/","https://cdn.sofifa.net/players/275/429/27_120.png","MC/MCD","Argentina","Newell's Old Boys","110396","2022","2027","22","62","73","2003","175cm 5'9""","70kg 154lbs","Der.","MCD","11","N/A","€3K","€900K","€1.5M","1","No","8"
"278737","Jerónimo Russo","https://sofifa.com/player/278737/jeronimo-russo/270002/","https://cdn.sofifa.net/players/278/737/27_120.png","LI/MI","Argentina/Italia","Newell's Old Boys","110396","2024","2027","21","62","76","2005","173cm 5'8""","72kg 159lbs","Izq.","LI","14","N/A","€2K","€950K","€2M","1","No","28"
"275257","Manuel Romero","https://sofifa.com/player/275257/manuel-romero/270002/","https://cdn.sofifa.net/players/275/257/27_120.png","DC/ED/MD/MCO","Paraguay","Instituto Atlético Central Córdoba","110953","2026","2031","25","62","65","2001","179cm 5'10""","67kg 148lbs","Der.","DC","3","N/A","€3K","€525K","€827K","1","No","24"
"85552","Matías Nahuel Salvo","https://sofifa.com/player/85552/matias-nahuel-salvo/270002/","https://cdn.sofifa.net/players/085/552/27_120.png","LI/MI","Argentina","Independiente Rivadavia","111020","2026","2027","21","62","73","2004","170cm 5'7""","63kg 139lbs","Izq.","LI","11","N/A","€3K","€850K","€1.4M","1","No","55"
"242917","Lautaro Chávez","https://sofifa.com/player/242917/lautaro-chavez/270002/","https://cdn.sofifa.net/players/242/917/27_120.png","MD/DC/ED","Argentina","CA Aldosivi","111707","2025","2026","25","62","65","2001","175cm 5'9""","68kg 150lbs","Izq.","MCO","3","N/A","€3K","€525K","€827K","1","No","92"
"78321","Ramiro Paunero","https://sofifa.com/player/78321/ramiro-paunero/270002/","https://cdn.sofifa.net/players/078/321/27_120.png","LI","Argentina","Atlético Tucumán","111708","2026","2027","21","62","72","2005","176cm 5'9""","68kg 150lbs","Izq.","LI","10","N/A","€2K","€850K","€1.4M","1","No","2"
"70688","Jeremías Lucco","https://sofifa.com/player/70688/jeremias-lucco/270002/","https://cdn.sofifa.net/players/070/688/27_120.png","MCO/MD/MI/MC","Argentina","Defensa y Justicia","111710","","","20","62+2","77+2","2005","170cm 5'7""","67kg 148lbs","Der.","MCO","15","31 dic. 2027","€3K","€950K","€0","1","No","26"
"83314","Máximo Rodríguez","https://sofifa.com/player/83314/maximo-rodriguez/270002/","https://cdn.sofifa.net/players/083/314/27_120.png","LI/MI/MC","Argentina/España","Defensa y Justicia","111710","2026","2027","21","62+1","74+1","2005","183cm 6'0""","76kg 168lbs","Izq.","LI","12","N/A","€2K","€950K","€1.6M","1","No","40"
"264147","Nicolás Palavecino","https://sofifa.com/player/264147/nicolas-palavecino/270002/","https://cdn.sofifa.net/players/264/147/27_120.png","MI/MCO/EI/DC","Argentina","Defensa y Justicia","111710","2025","2026","23","62","70","2003","186cm 6'1""","77kg 170lbs","Der.","MI","8","N/A","€3K","€875K","€1.5M","1","No","91"
"83329","Thaiel Peralta","https://sofifa.com/player/83329/thaiel-peralta/270002/","https://cdn.sofifa.net/players/083/329/27_120.png","MCO/ED/MC","Argentina","Huracán","111711","2026","2028","17","62","79","2008","172cm 5'8""","65kg 143lbs","Izq.","MCO","17","N/A","€2K","€1M","€2.1M","1","No","11"
"72703","Ángelo Marchese","https://sofifa.com/player/72703/angelo-marchese/270002/","https://cdn.sofifa.net/players/072/703/27_120.png","LI","Argentina/Italia","Tigre","111715","2024","2026","21","62","72","2004","173cm 5'8""","71kg 157lbs","Izq.","LI","10","N/A","€2K","€850K","€1.4M","1","No","15"
"75729","Valentín Dávila","https://sofifa.com/player/75729/valentin-davila/270002/","https://cdn.sofifa.net/players/075/729/27_120.png","DC","Argentina","Talleres","112670","2026","2026","19","62","78","2007","192cm 6'4""","78kg 172lbs","Der.","DC","16","N/A","€2K","€1M","€2.1M","1","No","49"
"74783","Manuel Tucker","https://sofifa.com/player/74783/manuel-tucker/270002/","https://cdn.sofifa.net/players/074/783/27_120.png","MD/ED","Argentina/Italia","Platense","112689","2025","2028","21","62","77","2004","167cm 5'6""","66kg 146lbs","Der.","MD","15","N/A","€2K","€975K","€2.1M","1","No","28"
"74855","Felipe Bussio","https://sofifa.com/player/74855/felipe-bussio/270002/","https://cdn.sofifa.net/players/074/855/27_120.png","MCD/MC","Argentina","Platense","112689","","","22","62","71","2004","178cm 5'10""","72kg 159lbs","Der.","MCD","9","31 dic. 2026","€3K","€850K","€0","1","No","17"
"83624","Pablo Ferreira","https://sofifa.com/player/83624/pablo-ferreira/270002/","https://cdn.sofifa.net/players/083/624/27_120.png","MC/MCD","Argentina","Platense","112689","2026","2029","21","62","69","2004","178cm 5'10""","70kg 154lbs","Der.","MC","7","N/A","€2K","€800K","€1.4M","1","No","26"
"273976","Diego Barrera","https://sofifa.com/player/273976/diego-barrera/270002/","https://cdn.sofifa.net/players/273/976/27_120.png","LI/ED/MI","Argentina","Central Cordoba SdE","112965","","","22","62","73","2004","171cm 5'7""","68kg 150lbs","Der.","LI","11","31 dic. 2026","€3K","€850K","€0","1","No","7"
"77016","Enzo Taborda","https://sofifa.com/player/77016/enzo-taborda/270002/","https://cdn.sofifa.net/players/077/016/27_120.png","EI/MI","Argentina","Barracas Central","113044","","","21","62+1","72+1","2005","167cm 5'6""","65kg 143lbs","Der.","EI","10","31 dic. 2026","€2K","€900K","€0","1","No","24"
"71404","Lautaro Carrera","https://sofifa.com/player/71404/lautaro-carrera/270002/","https://cdn.sofifa.net/players/071/404/27_120.png","DFC","Argentina","Gimnasia y Esgrima de Mendoza","113050","","","23","62","72","2003","188cm 6'2""","82kg 181lbs","Der.","DFC","10","31 dic. 2026","€2K","€825K","€0","1","No","42"
"87566","Matías Pagliaricci","https://sofifa.com/player/87566/matias-pagliaricci/270002/","https://cdn.sofifa.net/players/087/566/27_120.png","DFC","Argentina","Estudiantes de Río Cuarto","115470","2025","2026","25","62+1","70+1","2001","190cm 6'3""","84kg 185lbs","Izq.","DFC","8","N/A","€3K","€800K","€1.3M","1","No","86"
"83438","Martín Garnerone","https://sofifa.com/player/83438/martin-garnerone/270002/","https://cdn.sofifa.net/players/083/438/27_120.png","DC/MD/MI/MCO","Argentina/Italia","Estudiantes de Río Cuarto","115470","2025","2026","27","62+2","67+2","1998","177cm 5'10""","73kg 161lbs","Der.","DC","5","N/A","€3K","€575K","€877K","1","No","11"
"88308","Juan Chala","https://sofifa.com/player/88308/juan-chala/270002/","https://cdn.sofifa.net/players/088/308/27_120.png","DC/ED","Colombia","Estudiantes de Río Cuarto","115470","2026","2027","22","62","72","2004","186cm 6'1""","76kg 168lbs","Der.","DC","10","N/A","€3K","€900K","€1.5M","1","No","99"
"70214","Yeison Murillo","https://sofifa.com/player/70214/yeison-murillo/270002/","https://cdn.sofifa.net/players/070/214/27_120.png","DFC/LD","Colombia","Deportivo Riestra","115472","2017","2026","32","62","65","1993","193cm 6'4""","88kg 194lbs","Der.","DFC","3","N/A","€3K","€350K","€534K","1","No","4"
"83317","Iván López","https://sofifa.com/player/83317/ivan-lopez/270002/","https://cdn.sofifa.net/players/083/317/27_120.png","POR","Argentina","Deportivo Riestra","115472","2026","2026","30","62","62","1996","187cm 6'2""","81kg 179lbs","Der.","POR","0","N/A","€2K","€275K","€399K","1","No","12"
"85141","Lautaro Duarte","https://sofifa.com/player/85141/lautaro-duarte/270002/","https://cdn.sofifa.net/players/085/141/27_120.png","MI/LI","Argentina","Deportivo Riestra","115472","2026","2026","21","62","69","2005","171cm 5'7""","68kg 150lbs","Der.","MI","7","N/A","€2K","€800K","€1.3M","1","No","39"
"87140","Thiago Lauro","https://sofifa.com/player/87140/thiago-lauro/270002/","https://cdn.sofifa.net/players/087/140/27_120.png","MCO/MC","Argentina","Deportivo Riestra","115472","2026","2028","21","62","70","2005","178cm 5'10""","72kg 159lbs","Der.","MCO","8","N/A","€2K","€900K","€1.5M","1","No","20"
"89750","Enzo Alan Salas","https://sofifa.com/player/89750/enzo-alan-salas/270002/","https://cdn.sofifa.net/players/089/750/27_120.png","DC","Argentina","San Lorenzo de Almagro","1013","2026","2029","19","61","74","2006","165cm 5'5""","65kg 143lbs","Der.","DC","13","N/A","€2K","€775K","€1.6M","1","No","44"
"87953","Mateo Martínez","https://sofifa.com/player/87953/mateo-martinez/270002/","https://cdn.sofifa.net/players/087/953/27_120.png","DFC","Argentina","Racing Club","101085","2026","2030","18","61","75","2008","185cm 6'1""","75kg 165lbs","Der.","DFC","14","N/A","€2K","€725K","€1.5M","1","No","38"
"89888","Leandro Córdoba","https://sofifa.com/player/89888/leandro-cordoba/270002/","https://cdn.sofifa.net/players/089/888/27_120.png","ED/EI/MD","Argentina","Racing Club","101085","2026","2030","21","61","70","2005","172cm 5'8""","69kg 152lbs","Der.","ED","9","N/A","€3K","€725K","€1.2M","1","No","27"
"80123","Matías Arias","https://sofifa.com/player/80123/matias-arias/270002/","https://cdn.sofifa.net/players/080/123/27_120.png","MCO/MI/MC/EI","Argentina","Vélez Sarsfield","101088","2025","2028","19","61","75","2007","168cm 5'6""","73kg 161lbs","Izq.","DC","14","N/A","€2K","€775K","€1.6M","1","No","35"
"87518","Thiago Aguirre","https://sofifa.com/player/87518/thiago-aguirre/270002/","https://cdn.sofifa.net/players/087/518/27_120.png","DC","Argentina","Vélez Sarsfield","101088","2026","2027","17","61+2","77","2009","173cm 5'8""","62kg 137lbs","Der.","DC","16","N/A","€2K","€825K","€1.8M","1","No","39"
"263756","Rodrigo Márquez","https://sofifa.com/player/263756/rodrigo-marquez/270002/","https://cdn.sofifa.net/players/263/756/27_120.png","MI/MD/EI/ED","Argentina","Independiente","110093","2021","2027","24","61","69","2002","177cm 5'10""","71kg 157lbs","Izq.","MI","8","N/A","€2K","€725K","€1.2M","1","No","49"
"70944","Lautaro Villegas","https://sofifa.com/player/70944/lautaro-villegas/270002/","https://cdn.sofifa.net/players/070/944/27_120.png","MC/MCD","Argentina","CA Banfield","110404","2026","2026","22","61","72","2003","178cm 5'10""","66kg 146lbs","Der.","ED","11","N/A","€2K","€725K","€1.2M","1","No","21"
"82214","Joaquín Molina","https://sofifa.com/player/82214/joaquin-molina/270002/","https://cdn.sofifa.net/players/082/214/27_120.png","POR","Argentina","CA Banfield","110404","2025","2026","22","61","70","2004","180cm 5'11""","80kg 176lbs","Der.","POR","9","N/A","€1K","€650K","€1.1M","1","No","1"
"231264","Thomas Rodríguez","https://sofifa.com/player/231264/thomas-rodriguez/270002/","https://cdn.sofifa.net/players/231/264/27_120.png","MD/ED/MI","Chile/Argentina","CA Banfield","110404","2026","2028","30","61","65","1996","184cm 6'0""","75kg 165lbs","Der.","MD","4","N/A","€3K","€400K","€610K","1","No","77"
"71655","Juan Giménez","https://sofifa.com/player/71655/juan-gimenez/270002/","https://cdn.sofifa.net/players/071/655/27_120.png","DFC/LD/MCD","Argentina","Rosario Central","110580","2023","2027","20","61","73","2006","188cm 6'2""","74kg 163lbs","Der.","DFC","12","N/A","€2K","€750K","€1.3M","1","No","24"
"83453","Luca Rafaelli","https://sofifa.com/player/83453/luca-rafaelli/270002/","https://cdn.sofifa.net/players/083/453/27_120.png","EI/ED/MI","Argentina","Instituto Atlético Central Córdoba","110953","2026","2028","17","61","77","2008","170cm 5'7""","63kg 139lbs","Der.","EI","16","N/A","€1K","€825K","€1.8M","1","No","72"
"276102","Emanuel Sittaro","https://sofifa.com/player/276102/emanuel-sittaro/270002/","https://cdn.sofifa.net/players/276/102/27_120.png","POR","Argentina","Instituto Atlético Central Córdoba","110953","2019","2027","26","61","65","1999","185cm 6'1""","81kg 179lbs","Der.","POR","4","N/A","€2K","€350K","€551K","1","No","35"
"80492","Ryoga Kida","https://sofifa.com/player/80492/ryoga-kida/270002/","https://cdn.sofifa.net/players/080/492/27_120.png","DC","Japón","Argentinos Juniors","111019","2026","2026","20","61","73","2005","176cm 5'9""","69kg 152lbs","Der.","SD","12","N/A","€2K","€800K","€1.4M","1","No","34"
"87924","Thiago Gómez","https://sofifa.com/player/87924/thiago-gomez/270002/","https://cdn.sofifa.net/players/087/924/27_120.png","DFC","Argentina","Argentinos Juniors","111019","2024","2026","20","61","69","2006","183cm 6'0""","80kg 176lbs","Der.","DFC","8","N/A","€2K","€675K","€1.1M","1","No","37"
"83349","Diego Crego","https://sofifa.com/player/83349/diego-crego/270002/","https://cdn.sofifa.net/players/083/349/27_120.png","DC/EI","Argentina","Independiente Rivadavia","111020","2026","2026","29","61","61","1997","173cm 5'8""","65kg 143lbs","Izq.","DC","0","N/A","€4K","€325K","€488K","1","No","27"
"88190","Luis Ángel Díaz","https://sofifa.com/player/88190/luis-angel-diaz/270002/","https://cdn.sofifa.net/players/088/190/27_120.png","EI/ED/DC/MI","Colombia","Independiente Rivadavia","111020","2026","2028","22","61","70","2004","177cm 5'10""","75kg 165lbs","Der.","EI","9","N/A","€3K","€725K","€1.2M","1","No","23"
"77271","Luciano Vallejo","https://sofifa.com/player/77271/luciano-vallejo/270002/","https://cdn.sofifa.net/players/077/271/27_120.png","DFC/LI","Argentina","Atlético Tucumán","111708","2025","2026","22","61+2","74+7","2004","181cm 5'11""","74kg 163lbs","Izq.","DFC","13","N/A","€2K","€750K","€1.6M","1","No","36"
"87926","Rodrigo Granillo","https://sofifa.com/player/87926/rodrigo-granillo/270002/","https://cdn.sofifa.net/players/087/926/27_120.png","DC/MCO","Argentina","Atlético Tucumán","111708","2023","2030","20","61","70","2006","170cm 5'7""","66kg 146lbs","Der.","DC","9","N/A","€2K","€725K","€1.2M","1","No","27"
"277250","Samuel Lucero","https://sofifa.com/player/277250/samuel-lucero/270002/","https://cdn.sofifa.net/players/277/250/27_120.png","DFC/LI","Argentina","Defensa y Justicia","111710","2024","2026","20","61","77","2005","179cm 5'10""","77kg 170lbs","Izq.","DFC","16","N/A","€2K","€800K","€1.7M","1","No","2"
"83587","Facundo Kalinger","https://sofifa.com/player/83587/facundo-kalinger/270002/","https://cdn.sofifa.net/players/083/587/27_120.png","MD/MI/MCO/ED","Argentina","Huracán","111711","2026","2028","21","61+2","73+4","2005","176cm 5'9""","71kg 157lbs","Izq.","MD","12","N/A","€2K","€800K","€1.4M","1","No","24"
"76480","Juan Villalba","https://sofifa.com/player/76480/juan-villalba/270002/","https://cdn.sofifa.net/players/076/480/27_120.png","DFC/LI","Argentina","Tigre","111715","2026","2027","20","61","76","2006","173cm 5'8""","72kg 159lbs","Izq.","DFC","15","N/A","€2K","€750K","€1.6M","1","No","32"
"276104","Gonzalo Requena","https://sofifa.com/player/276104/gonzalo-requena/270002/","https://cdn.sofifa.net/players/276/104/27_120.png","DFC","Argentina","Tigre","111715","","","23","61","68","2003","188cm 6'2""","80kg 176lbs","Der.","DFC","7","31 dic. 2026","€2K","€600K","€0","1","No","23"
"278418","Tomás Fernández","https://sofifa.com/player/278418/tomas-fernandez/270002/","https://cdn.sofifa.net/players/278/418/27_120.png","DFC","Argentina","Tigre","111715","2023","2026","22","61","69","2004","179cm 5'10""","75kg 165lbs","Der.","DFC","8","N/A","€2K","€700K","€1.2M","1","No","34"
"87964","Lucas Ayala","https://sofifa.com/player/87964/lucas-ayala/270002/","https://cdn.sofifa.net/players/087/964/27_120.png","LI","Argentina","Club Atlético Unión","111716","2025","2028","19","61","69","2007","175cm 5'9""","70kg 154lbs","Der.","LI","8","N/A","€2K","€675K","€1.1M","1","No","18"
"276604","Santino Vera","https://sofifa.com/player/276604/santino-vera/270002/","https://cdn.sofifa.net/players/276/604/27_120.png","MCD/MC","Argentina","Club Atlético Unión","111716","2026","2026","20","61","76","2006","169cm 5'7""","65kg 143lbs","Der.","MCD","15","N/A","€2K","€750K","€1.6M","1","No","29"
"74847","Joel Godoy","https://sofifa.com/player/74847/joel-godoy/270002/","https://cdn.sofifa.net/players/074/847/27_120.png","LI/DFC","Argentina","Club Atlético Sarmiento","112713","2025","2026","21","61","73","2005","185cm 6'1""","76kg 168lbs","Izq.","LI","12","N/A","€2K","€775K","€1.3M","1","No","39"
"76999","Julián Mavilla","https://sofifa.com/player/76999/julian-mavilla/270002/","https://cdn.sofifa.net/players/076/999/27_120.png","MI/EI","Argentina","Club Atlético Sarmiento","112713","","","26","61","62","2000","179cm 5'10""","73kg 161lbs","Izq.","MI","1","31 dic. 2027","€3K","€375K","€0","1","No","21"
"279172","Alexis González","https://sofifa.com/player/279172/alexis-gonzalez/270002/","https://cdn.sofifa.net/players/279/172/27_120.png","DC","Argentina","Club Atlético Sarmiento","112713","2023","2027","21","61","74","2005","178cm 5'10""","71kg 157lbs","Der.","DC","13","N/A","€2K","€800K","€1.7M","1","No","32"
"268954","José Gómez","https://sofifa.com/player/268954/jose-gomez/270002/","https://cdn.sofifa.net/players/268/954/27_120.png","LD/DFC","Argentina","Central Cordoba SdE","112965","2025","2026","26","61","64","2000","173cm 5'8""","79kg 174lbs","Der.","LD","3","N/A","€3K","€400K","€610K","1","No","13"
"279171","Joaquín Flores","https://sofifa.com/player/279171/joaquin-flores/270002/","https://cdn.sofifa.net/players/279/171/27_120.png","EI/MI","Argentina","Central Cordoba SdE","112965","","","21","61","73","2005","168cm 5'6""","73kg 161lbs","Izq.","EI","12","31 dic. 2026","€3K","€800K","€0","1","No","29"
"88062","Joaquín Rivero","https://sofifa.com/player/88062/joaquin-rivero/270002/","https://cdn.sofifa.net/players/088/062/27_120.png","DC","Argentina","Estudiantes de Río Cuarto","115470","2026","2030","21","61+2","70+2","2004","176cm 5'9""","70kg 154lbs","Der.","SD","9","N/A","€2K","€750K","€1.2M","1","No","18"
"254760","Marino Arzamendia","https://sofifa.com/player/254760/marino-arzamendia/270002/","https://cdn.sofifa.net/players/254/760/27_120.png","POR","Paraguay","Deportivo Riestra","115472","2017","2027","28","61","64","1998","193cm 6'4""","87kg 192lbs","Der.","POR","3","N/A","€2K","€300K","€458K","1","No","23"
"279196","Nahuel Arias","https://sofifa.com/player/279196/nahuel-arias/270002/","https://cdn.sofifa.net/players/279/196/27_120.png","LD/MCD","Argentina","San Lorenzo de Almagro","1013","2023","2026","21","60","73","2005","177cm 5'10""","68kg 150lbs","Der.","LD","13","N/A","€2K","€575K","€1.2M","1","No","30"
"88083","Jeremías Martinet","https://sofifa.com/player/88083/jeremias-martinet/270002/","https://cdn.sofifa.net/players/088/083/27_120.png","POR","Argentina/Chile","River Plate","1876","2026","2028","20","60","70","2005","187cm 6'2""","91kg 201lbs","Der.","POR","10","N/A","€1K","€475K","€760K","1","No","57"
"78324","Jorge de Asís","https://sofifa.com/player/78324/jorge-de-asis/270002/","https://cdn.sofifa.net/players/078/324/27_120.png","DC","Argentina","Gimnasia y Esgrima La Plata","101084","2025","2029","20","60","74","2006","191cm 6'3""","81kg 179lbs","Izq.","DC","14","N/A","€2K","€600K","€1.3M","1","No","30"
"87519","Juan Cruz Policella","https://sofifa.com/player/87519/juan-cruz-policella/270002/","https://cdn.sofifa.net/players/087/519/27_120.png","MI/MD/MCO/EI","Argentina/Chile","Vélez Sarsfield","101088","2026","2027","16","60+2","79-1","2009","175cm 5'9""","71kg 157lbs","Der.","ED","19","N/A","€1K","€625K","€1.3M","1","No","37"
"87520","Lautaro Piola","https://sofifa.com/player/87520/lautaro-piola/270002/","https://cdn.sofifa.net/players/087/520/27_120.png","DC","Argentina","Vélez Sarsfield","101088","2026","2027","18","60+2","75+1","2008","179cm 5'10""","76kg 168lbs","Der.","DC","15","N/A","€2K","€575K","€1.2M","1","No","30"
"74818","Jonathan de Irastorza","https://sofifa.com/player/74818/jonathan-de-irastorza/270002/","https://cdn.sofifa.net/players/074/818/27_120.png","LI/MI","Argentina","Independiente","110093","2024","2026","20","60","71","2005","174cm 5'9""","70kg 154lbs","Izq.","LI","11","N/A","€1K","€525K","€893K","1","No","3"
"88864","Ramiro Martino","https://sofifa.com/player/88864/ramiro-martino/270002/","https://cdn.sofifa.net/players/088/864/27_120.png","DFC/LI","Argentina","Independiente","110093","2026","2030","20","60","70","2006","165cm 5'5""","60kg 132lbs","Der.","DFC","10","N/A","€1K","€500K","€850K","1","No","39"
"89219","Gonzalo Lobos","https://sofifa.com/player/89219/gonzalo-lobos/270002/","https://cdn.sofifa.net/players/089/219/27_120.png","MCO/MC","Paraguay/Argentina","Lanús","110395","2026","2027","19","60","72","2007","176cm 5'9""","70kg 154lbs","Der.","MCO","12","N/A","€2K","€575K","€978K","1","No","42"
"71813","Fabricio Tirado","https://sofifa.com/player/71813/fabricio-tirado/270002/","https://cdn.sofifa.net/players/071/813/27_120.png","MC/MCO/MCD","Argentina","Newell's Old Boys","110396","2022","2026","21","60","72","2004","175cm 5'9""","69kg 152lbs","Der.","MD","12","N/A","€2K","€600K","€990K","1","No","98"
"80108","Jerónimo Gómez Mattar","https://sofifa.com/player/80108/jeronimo-gomez-mattar/270002/","https://cdn.sofifa.net/players/080/108/27_120.png","MC/MCD","Argentina","Newell's Old Boys","110396","2025","2027","17","60+2","75+2","2008","175cm 5'9""","70kg 154lbs","Der.","MC","15","N/A","€1K","€550K","€1.1M","1","No","19"
"70443","Lucas Palavecino","https://sofifa.com/player/70443/lucas-palavecino/270002/","https://cdn.sofifa.net/players/070/443/27_120.png","MCD/MC","Argentina","CA Banfield","110404","2022","2027","22","60","68","2003","174cm 5'9""","65kg 143lbs","Der.","MCD","8","N/A","€2K","€525K","€866K","1","No","23"
"269500","Matías Hernández","https://sofifa.com/player/269500/matias-hernandez/270002/","https://cdn.sofifa.net/players/269/500/27_120.png","DC","Argentina","CA Banfield","110404","","","21","60","74","2005","178cm 5'10""","71kg 157lbs","Der.","DC","14","31 dic. 2027","€2K","€600K","€0","1","No","28"
"75793","Damián Fernández","https://sofifa.com/player/75793/damian-fernandez/270002/","https://cdn.sofifa.net/players/075/793/27_120.png","POR","Argentina","Rosario Central","110580","2025","2026","22","60","67","2004","188cm 6'2""","78kg 172lbs","Der.","POR","7","N/A","€1K","€425K","€723K","1","No","38"
"82213","Elías Verón","https://sofifa.com/player/82213/elias-veron/270002/","https://cdn.sofifa.net/players/082/213/27_120.png","LD","Argentina","Rosario Central","110580","2026","2027","18","60","75","2007","167cm 5'6""","67kg 148lbs","Der.","LD","15","N/A","€2K","€550K","€1.2M","1","No","42"
"84516","Lucas Ramos","https://sofifa.com/player/84516/lucas-ramos/270002/","https://cdn.sofifa.net/players/084/516/27_120.png","MC/MCD","Argentina","Rosario Central","110580","2026","2027","20","60","72","2006","175cm 5'9""","70kg 154lbs","Izq.","MCO","12","N/A","€2K","€600K","€1M","1","No","35"
"85560","Lisandro Duarte","https://sofifa.com/player/85560/lisandro-duarte/270002/","https://cdn.sofifa.net/players/085/560/27_120.png","DC/ED","Argentina","Rosario Central","110580","2026","2026","18","60","81","2007","160cm 5'3""","55kg 121lbs","Der.","SD","21","N/A","€2K","€775K","€1.9M","1","No","37"
"83589","Agustín Massaccesi","https://sofifa.com/player/83589/agustin-massaccesi/270002/","https://cdn.sofifa.net/players/083/589/27_120.png","DFC/LD","Argentina","Instituto Atlético Central Córdoba","110953","2024","2026","23","60+1","69+2","2002","190cm 6'3""","81kg 179lbs","Der.","DFC","9","N/A","€2K","€500K","€850K","1","No","22"
"75649","Franco Vázquez","https://sofifa.com/player/75649/franco-vazquez/270002/","https://cdn.sofifa.net/players/075/649/27_120.png","DFC","Argentina/Paraguay","Argentinos Juniors","111019","2026","2029","21","60","76","2005","183cm 6'0""","79kg 174lbs","Izq.","DFC","16","N/A","€2K","€625K","€1.3M","1","No","6"
"83450","Luciano Sábato","https://sofifa.com/player/83450/luciano-sabato/270002/","https://cdn.sofifa.net/players/083/450/27_120.png","DC","Argentina","Independiente Rivadavia","111020","2026","2027","18","60","74","2008","187cm 6'2""","72kg 159lbs","Der.","DC","14","N/A","€2K","€575K","€1.2M","1","No","45"
"74797","Gonzalo Zelarayán","https://sofifa.com/player/74797/gonzalo-zelarayan/270002/","https://cdn.sofifa.net/players/074/797/27_120.png","MCO/DC/EI/MC","Argentina","Belgrano de Córdoba","111022","2025","2027","22","60","70","2004","179cm 5'10""","78kg 172lbs","Izq.","MCO","10","N/A","€2K","€550K","€935K","1","No","30"
"83429","Ramiro Tulián","https://sofifa.com/player/83429/ramiro-tulian/270002/","https://cdn.sofifa.net/players/083/429/27_120.png","MCO/MC","Argentina","Belgrano de Córdoba","111022","2026","2028","18","60","74","2008","177cm 5'10""","70kg 154lbs","Der.","MCO","14","N/A","€2K","€575K","€1.2M","1","No","15"
"80086","Martín García","https://sofifa.com/player/80086/martin-garcia/270002/","https://cdn.sofifa.net/players/080/086/27_120.png","MC/MCD/MD","Argentina","CA Aldosivi","111707","2025","2026","20","60","74-1","2005","183cm 6'0""","77kg 170lbs","Der.","MC","14","N/A","€1K","€600K","€1.3M","1","No","8"
"75651","Facundo Pimienta","https://sofifa.com/player/75651/facundo-pimienta/270002/","https://cdn.sofifa.net/players/075/651/27_120.png","ED/MD","Argentina","Atlético Tucumán","111708","2025","2027","22","60","72","2003","163cm 5'4""","61kg 134lbs","Der.","ED","12","N/A","€2K","€600K","€1M","1","No","22"
"74790","Lautaro Godoy","https://sofifa.com/player/74790/lautaro-godoy/270002/","https://cdn.sofifa.net/players/074/790/27_120.png","MC/MCO/MCD","Argentina","Atlético Tucumán","111708","2024","2027","23","60+2","71+7","2003","169cm 5'7""","67kg 148lbs","Der.","MCO","11","N/A","€2K","€550K","€935K","1","No","31"
"274978","Moisés Brandán","https://sofifa.com/player/274978/moises-brandan/270002/","https://cdn.sofifa.net/players/274/978/27_120.png","LD","Argentina","Atlético Tucumán","111708","2021","2027","25","60","62","2000","182cm 6'0""","76kg 168lbs","Der.","LD","2","N/A","€2K","€275K","€433K","1","No","16"
"83312","Juan Pablo Moreno","https://sofifa.com/player/83312/juan-pablo-moreno/270002/","https://cdn.sofifa.net/players/083/312/27_120.png","MCO/MC","Argentina","Defensa y Justicia","111710","2026","2026","21","60","70","2005","177cm 5'10""","66kg 146lbs","Der.","MC","10","N/A","€2K","€550K","€935K","1","No","93"
"88347","Ezequiel Burdín","https://sofifa.com/player/88347/ezequiel-burdin/270002/","https://cdn.sofifa.net/players/088/347/27_120.png","DFC/LI","Uruguay","Defensa y Justicia","111710","2026","2030","21","60","73","2004","191cm 6'3""","87kg 192lbs","Izq.","DFC","13","N/A","€2K","€575K","€1.2M","1","No","6"
"276605","Tomás Pérez","https://sofifa.com/player/276605/tomas-perez/270002/","https://cdn.sofifa.net/players/276/605/27_120.png","ED/EI/DC/MD","Argentina","Defensa y Justicia","111710","","","20","60+1","78+1","2006","181cm 5'11""","73kg 161lbs","Der.","ED","18","30 jun. 2027","€2K","€650K","€0","1","No","7"
"81912","Ignacio Peluffo","https://sofifa.com/player/81912/ignacio-peluffo/270002/","https://cdn.sofifa.net/players/081/912/27_120.png","ED/LD/MD","Argentina","Tigre","111715","2026","2028","19","60","73","2006","178cm 5'10""","75kg 165lbs","Der.","DC","13","N/A","€2K","€575K","€1.2M","1","No","50"
"87957","Valentín Jesús Cerrudo","https://sofifa.com/player/87957/valentin-jesus-cerrudo/270002/","https://cdn.sofifa.net/players/087/957/27_120.png","DC","Argentina","Club Atlético Unión","111716","2026","2027","20","60","68","2006","185cm 6'1""","80kg 176lbs","Der.","DC","8","N/A","€2K","€550K","€935K","1","No","38"
"277888","Federico Gomes Gerth","https://sofifa.com/player/277888/federico-gomes-gerth/270002/","https://cdn.sofifa.net/players/277/888/27_120.png","POR","Argentina/Portugal","Club Atlético Unión","111716","2026","2026","22","60","72","2004","195cm 6'5""","86kg 190lbs","Der.","POR","12","N/A","€950","€525K","€893K","1","No","28"
"74776","Santiago Dalmasso","https://sofifa.com/player/74776/santiago-dalmasso/270002/","https://cdn.sofifa.net/players/074/776/27_120.png","MC/MCD","Argentina","Platense","112689","2025","2026","22","60","68","2004","181cm 5'11""","73kg 161lbs","Der.","MC","8","N/A","€2K","€550K","€935K","1","No","27"
"70898","Jeremías Vallejos","https://sofifa.com/player/70898/jeremias-vallejos/270002/","https://cdn.sofifa.net/players/070/898/27_120.png","LD","Argentina","Club Atlético Sarmiento","112713","2025","2026","23","60","67","2003","175cm 5'9""","72kg 159lbs","Der.","LD","7","N/A","€2K","€475K","€784K","1","No","54"
"87577","Martín Cuitiño","https://sofifa.com/player/87577/martin-cuitino/270002/","https://cdn.sofifa.net/players/087/577/27_120.png","DC","Argentina","Central Cordoba SdE","112965","2026","2028","21","60","68","2005","183cm 6'0""","72kg 159lbs","Der.","DC","8","N/A","€2K","€550K","€908K","1","No","47"
"227905","Brian Andrada","https://sofifa.com/player/227905/brian-andrada/270002/","https://cdn.sofifa.net/players/227/905/27_120.png","MI/MD/DC/EI","Argentina","Gimnasia y Esgrima de Mendoza","113050","2018","2026","29","60","60","1997","164cm 5'5""","61kg 134lbs","Izq.","EI","0","N/A","€2K","€240K","€348K","1","No","33"
"233440","Fermín Antonini","https://sofifa.com/player/233440/fermin-antonini/270002/","https://cdn.sofifa.net/players/233/440/27_120.png","MC/MCD","Argentina/Italia","Gimnasia y Esgrima de Mendoza","113050","2026","2026","28","60","60","1997","179cm 5'10""","73kg 161lbs","Der.","MD","0","N/A","€2K","€250K","€363K","1","No","21"
"277948","Franco Saavedra","https://sofifa.com/player/277948/franco-saavedra/270002/","https://cdn.sofifa.net/players/277/948/27_120.png","LI","Argentina","Gimnasia y Esgrima de Mendoza","113050","2026","2026","22","60","70","2003","178cm 5'10""","68kg 150lbs","Izq.","DFC","10","N/A","€2K","€525K","€866K","1","No","24"
"87565","Lautaro Cepeha","https://sofifa.com/player/87565/lautaro-cepeha/270002/","https://cdn.sofifa.net/players/087/565/27_120.png","MCD/MC","Argentina","Estudiantes de Río Cuarto","115470","2025","2026","21","60+1","69+1","2004","189cm 6'2""","72kg 159lbs","Der.","MCD","9","N/A","€1K","€525K","€866K","1","No","15"
"71462","Mateo Clemente","https://sofifa.com/player/71462/mateo-clemente/270002/","https://cdn.sofifa.net/players/071/462/27_120.png","POR","Argentina","San Lorenzo de Almagro","1013","2022","2028","24","59","67","2002","184cm 6'0""","77kg 170lbs","Izq.","POR","8","N/A","€1K","€425K","€723K","1","No","1"
"88082","Valentín Lucero","https://sofifa.com/player/88082/valentin-lucero/270002/","https://cdn.sofifa.net/players/088/082/27_120.png","LI/MI","Argentina","River Plate","1876","2026","2027","20","59","70","2006","173cm 5'8""","67kg 148lbs","Izq.","LI","11","N/A","€2K","€475K","€760K","1","No","43"
"82963","Francisco Fraga","https://sofifa.com/player/82963/francisco-fraga/270002/","https://cdn.sofifa.net/players/082/963/27_120.png","DC","Argentina","Racing Club","101085","2026","2029","20","59","71","2006","183cm 6'0""","76kg 168lbs","Der.","DC","12","N/A","€2K","€550K","€935K","1","No","40"
"84322","Alejandro Tello","https://sofifa.com/player/84322/alejandro-tello/270002/","https://cdn.sofifa.net/players/084/322/27_120.png","MCD/MC","Argentina","Racing Club","101085","2026","2030","18","59","81","2008","183cm 6'0""","77kg 170lbs","Der.","MCD","22","N/A","€2K","€675K","€1.7M","1","No","46"
"87952","Santino Aguirre","https://sofifa.com/player/87952/santino-aguirre/270002/","https://cdn.sofifa.net/players/087/952/27_120.png","MC/MCD","Argentina","Racing Club","101085","2026","2030","19","59","71","2007","186cm 6'1""","76kg 168lbs","Der.","MC","12","N/A","€2K","€525K","€893K","1","No","37"
"83796","Leo Cristaldo","https://sofifa.com/player/83796/leo-cristaldo/270002/","https://cdn.sofifa.net/players/083/796/27_120.png","DFC","Paraguay/Argentina","Vélez Sarsfield","101088","2025","2027","17","59+1","74","2009","186cm 6'1""","80kg 176lbs","Izq.","DFC","15","N/A","€1K","€475K","€1M","1","No","19"
"84518","Alexis Pereyra","https://sofifa.com/player/84518/alexis-pereyra/270002/","https://cdn.sofifa.net/players/084/518/27_120.png","LD","Argentina","Vélez Sarsfield","101088","2025","2029","19","59+2","73","2007","174cm 5'9""","71kg 157lbs","Der.","LD","14","N/A","€2K","€500K","€1.1M","1","No","47"
"70431","Nicólas Claa","https://sofifa.com/player/70431/nicolas-claa/270002/","https://cdn.sofifa.net/players/070/431/27_120.png","POR","Argentina","Lanús","110395","2024","2026","21","59","71","2004","188cm 6'2""","82kg 181lbs","Der.","POR","12","N/A","€950","€475K","€808K","1","No","99"
"72465","Octavio Ontivero","https://sofifa.com/player/72465/octavio-ontivero/270002/","https://cdn.sofifa.net/players/072/465/27_120.png","LI","Argentina","Lanús","110395","2024","2027","20","59","71","2006","174cm 5'9""","65kg 143lbs","Izq.","LI","12","N/A","€2K","€525K","€893K","1","No","28"
"74911","Valentino Acuña","https://sofifa.com/player/74911/valentino-acuna/270002/","https://cdn.sofifa.net/players/074/911/27_120.png","MCO/MC/MCD","Argentina","Newell's Old Boys","110396","2024","2027","20","59","73","2006","177cm 5'10""","75kg 165lbs","Izq.","MCO","14","N/A","€2K","€550K","€1.1M","1","No","10"
"80110","Alejo Navarro","https://sofifa.com/player/80110/alejo-navarro/270002/","https://cdn.sofifa.net/players/080/110/27_120.png","DC","Argentina","Newell's Old Boys","110396","2025","2027","19","59","76","2006","175cm 5'9""","69kg 152lbs","Izq.","DC","17","N/A","€2K","€575K","€1.2M","1","No","97"
"74836","Kevin Tomás Gutiérrez","https://sofifa.com/player/74836/kevin-tomas-gutierrez/270002/","https://cdn.sofifa.net/players/074/836/27_120.png","MC/MCD","Argentina","Rosario Central","110580","2025","2026","20","59","71","2006","179cm 5'10""","68kg 150lbs","Der.","MC","12","N/A","€2K","€550K","€935K","1","No","43"
"75191","Santiago Segovia","https://sofifa.com/player/75191/santiago-segovia/270002/","https://cdn.sofifa.net/players/075/191/27_120.png","MCO/MC/MCD","Argentina","Rosario Central","110580","2024","2026","19","59","73","2007","172cm 5'8""","74kg 163lbs","Der.","MCO","14","N/A","€2K","€525K","€1.1M","1","No","19"
"85150","Marcelo Cabrera","https://sofifa.com/player/85150/marcelo-cabrera/270002/","https://cdn.sofifa.net/players/085/150/27_120.png","MCO/MI/MC","Argentina","Rosario Central","110580","2026","2027","19","59","76","2006","169cm 5'7""","67kg 148lbs","Izq.","MCO","17","N/A","€2K","€575K","€1.2M","1","No","7"
"87955","Valentino Felici","https://sofifa.com/player/87955/valentino-felici/270002/","https://cdn.sofifa.net/players/087/955/27_120.png","DC/EI","Argentina/Italia","Rosario Central","110580","2026","2030","18","59","73","2008","183cm 6'0""","80kg 176lbs","Der.","SD","14","N/A","€2K","€525K","€1.1M","1","No","53"
"276496","Alessandro Riep","https://sofifa.com/player/276496/alessandro-riep/270002/","https://cdn.sofifa.net/players/276/496/27_120.png","MI/MD/LD/EI","Argentina/Chile","Independiente Rivadavia","111020","2023","2027","22","59","68","2003","174cm 5'9""","68kg 150lbs","Der.","MI","9","N/A","€2K","€500K","€850K","1","No","20"
"245094","Patricio Albornoz","https://sofifa.com/player/245094/patricio-albornoz/270002/","https://cdn.sofifa.net/players/245/094/27_120.png","POR","Argentina","Atlético Tucumán","111708","2025","2026","26","59","61","2000","193cm 6'4""","85kg 187lbs","Der.","POR","2","N/A","€1K","€210K","€331K","1","No","12"
"75710","Máximo Palazzo","https://sofifa.com/player/75710/maximo-palazzo/270002/","https://cdn.sofifa.net/players/075/710/27_120.png","DFC/LI","Argentina","Huracán","111711","2026","2028","21","59+2","73+2","2005","186cm 6'1""","73kg 161lbs","Izq.","DFC","14","N/A","€2K","€525K","€1.1M","1","No","35"
"85151","Tomas Fagioli","https://sofifa.com/player/85151/tomas-fagioli/270002/","https://cdn.sofifa.net/players/085/151/27_120.png","DFC","Argentina","Club Atlético Unión","111716","2026","2027","20","59","68","2005","180cm 5'11""","80kg 176lbs","Der.","DFC","9","N/A","€1K","€450K","€765K","1","No","44"
"87959","Mateo Peresutti","https://sofifa.com/player/87959/mateo-peresutti/270002/","https://cdn.sofifa.net/players/087/959/27_120.png","MC/MCD","Argentina","Club Atlético Unión","111716","2026","2027","19","59","73","2006","175cm 5'9""","70kg 154lbs","Der.","MC","14","N/A","€1K","€525K","€1.1M","1","No","34"
"87960","Nazareno Fazzi","https://sofifa.com/player/87960/nazareno-fazzi/270002/","https://cdn.sofifa.net/players/087/960/27_120.png","DFC/LD","Argentina/España","Club Atlético Unión","111716","2026","2030","19","59","73","2006","177cm 5'10""","75kg 165lbs","Der.","DFC","14","N/A","€1K","€500K","€1.1M","1","No","32"
"74782","Franco Minerva","https://sofifa.com/player/74782/franco-minerva/270002/","https://cdn.sofifa.net/players/074/782/27_120.png","MI/EI","Argentina","Platense","112689","2024","2028","20","59","71","2006","177cm 5'10""","70kg 154lbs","Izq.","MI","12","N/A","€2K","€550K","€935K","1","No","29"
"74843","Brandon Márquez","https://sofifa.com/player/74843/brandon-marquez/270002/","https://cdn.sofifa.net/players/074/843/27_120.png","DC","Argentina","Club Atlético Sarmiento","112713","2025","2028","21","59","71","2005","175cm 5'9""","72kg 159lbs","Der.","DC","12","N/A","€2K","€550K","€908K","1","No","40"
"74800","Lucas Bernabéu","https://sofifa.com/player/74800/lucas-bernabeu/270002/","https://cdn.sofifa.net/players/074/800/27_120.png","DFC","Argentina","Central Cordoba SdE","112965","2026","2027","22","59","67","2004","185cm 6'1""","77kg 170lbs","Izq.","DFC","8","N/A","€2K","€475K","€784K","1","No","26"
"76844","Javier Vallejos","https://sofifa.com/player/76844/javier-vallejos/270002/","https://cdn.sofifa.net/players/076/844/27_120.png","POR","Argentina","Central Cordoba SdE","112965","2024","2026","23","59","66","2003","188cm 6'2""","74kg 163lbs","Der.","POR","7","N/A","€1K","€375K","€619K","1","No","25"
"261585","Wilfredo Rivera","https://sofifa.com/player/261585/wilfredo-rivera/270002/","https://cdn.sofifa.net/players/261/585/27_120.png","MI/EI","Puerto Rico/EE.UU.","Barracas Central","113044","2026","2026","22","59+2","71+2","2003","167cm 5'6""","67kg 148lbs","Izq.","MI","12","N/A","€2K","€550K","€935K","1","No","23"
"70708","Esteban Fernández","https://sofifa.com/player/70708/esteban-fernandez/270002/","https://cdn.sofifa.net/players/070/708/27_120.png","MCO/MC/MD","Argentina","Gimnasia y Esgrima de Mendoza","113050","2026","2026","24","59","65","2002","172cm 5'8""","60kg 132lbs","Der.","ED","6","N/A","€2K","€350K","€578K","1","No","30"
"84592","Gerónimo Patritti","https://sofifa.com/player/84592/geronimo-patritti/270002/","https://cdn.sofifa.net/players/084/592/27_120.png","DFC","Argentina","Gimnasia y Esgrima de Mendoza","113050","2026","2027","23","59","66","2003","185cm 6'1""","73kg 161lbs","Der.","DFC","7","N/A","€2K","€425K","€701K","1","No","98"
"70813","Lucas Baños","https://sofifa.com/player/70813/lucas-banos/270002/","https://cdn.sofifa.net/players/070/813/27_120.png","DFC","Argentina","Estudiantes de Río Cuarto","115470","2026","2027","21","59","73","2005","185cm 6'1""","79kg 174lbs","Der.","DFC","14","N/A","€1K","€525K","€1.1M","1","No","3"
"85245","Facundo Gallardo","https://sofifa.com/player/85245/facundo-gallardo/270002/","https://cdn.sofifa.net/players/085/245/27_120.png","ED/MD","Argentina","Estudiantes de Río Cuarto","115470","2026","2026","20","59","69","2006","178cm 5'10""","74kg 163lbs","Der.","ED","10","N/A","€2K","€500K","€825K","1","No","35"
"82216","Álvaro Busso","https://sofifa.com/player/82216/alvaro-busso/270002/","https://cdn.sofifa.net/players/082/216/27_120.png","POR","Argentina/Italia","Vélez Sarsfield","101088","2025","2028","19","58+2","74","2006","188cm 6'2""","77kg 170lbs","Izq.","POR","16","N/A","€750","€475K","€1M","1","No","34"
"87517","Agustín Cortez","https://sofifa.com/player/87517/agustin-cortez/270002/","https://cdn.sofifa.net/players/087/517/27_120.png","POR","Argentina","Vélez Sarsfield","101088","2026","2027","19","58+1","75","2007","183cm 6'0""","73kg 161lbs","Izq.","POR","17","N/A","€750","€475K","€1M","1","No","42"
"88091","Thiago Villalba","https://sofifa.com/player/88091/thiago-villalba/270002/","https://cdn.sofifa.net/players/088/091/27_120.png","MCD/MC","Argentina","Vélez Sarsfield","101088","2025","2029","19","58","71","2007","179cm 5'10""","72kg 159lbs","Der.","MCD","13","N/A","€2K","€450K","€956K","1","No","33"
"88858","Simón Prima","https://sofifa.com/player/88858/simon-prima/270002/","https://cdn.sofifa.net/players/088/858/27_120.png","MD/ED","Argentina","Vélez Sarsfield","101088","2026","2027","18","58","75","2008","171cm 5'7""","64kg 141lbs","Der.","MD","17","N/A","€2K","€525K","€1.1M","1","No","27"
"82135","Josias Palais","https://sofifa.com/player/82135/josias-palais/270002/","https://cdn.sofifa.net/players/082/135/27_120.png","MC/MI/MCD","Argentina","Independiente","110093","2026","2027","20","58","71","2006","181cm 5'11""","71kg 157lbs","Der.","MCO","13","N/A","€2K","€500K","€1.1M","1","No","24"
"75189","Pablo Altamirano","https://sofifa.com/player/75189/pablo-altamirano/270002/","https://cdn.sofifa.net/players/075/189/27_120.png","MCO/MC","Argentina","Newell's Old Boys","110396","2024","2027","21","58","68","2005","175cm 5'9""","75kg 165lbs","Izq.","MC","10","N/A","€2K","€450K","€743K","1","No","48"
"77578","Facundo Guch","https://sofifa.com/player/77578/facundo-guch/270002/","https://cdn.sofifa.net/players/077/578/27_120.png","EI/MD/MI/ED","Argentina","Newell's Old Boys","110396","2025","2028","19","58+2","73+2","2007","169cm 5'7""","63kg 139lbs","Izq.","EI","15","N/A","€2K","€475K","€986K","1","No","20"
"87950","Blas Benedetto","https://sofifa.com/player/87950/blas-benedetto/270002/","https://cdn.sofifa.net/players/087/950/27_120.png","MC/MD/MCD","Argentina","Newell's Old Boys","110396","2026","2030","20","58","67","2006","165cm 5'5""","65kg 143lbs","Der.","MCO","9","N/A","€2K","€450K","€743K","1","No","35"
"83577","Marcos López","https://sofifa.com/player/83577/marcos-lopez/270002/","https://cdn.sofifa.net/players/083/577/27_120.png","LD","Argentina","CA Banfield","110404","2026","2028","19","58","72","2006","180cm 5'11""","73kg 161lbs","Der.","LD","14","N/A","€1K","€475K","€986K","1","No","12"
"87928","Jeremías Acosta","https://sofifa.com/player/87928/jeremias-acosta/270002/","https://cdn.sofifa.net/players/087/928/27_120.png","EI/DC/MI","Argentina","CA Banfield","110404","2026","2030","18","58","77","2008","178cm 5'10""","72kg 159lbs","Der.","SD","19","N/A","€1K","€525K","€1.1M","1","No","16"
"75718","Luca Raffin","https://sofifa.com/player/75718/luca-raffin/270002/","https://cdn.sofifa.net/players/075/718/27_120.png","DFC","Argentina/Italia","Rosario Central","110580","2026","2026","20","58","74","2006","186cm 6'1""","78kg 172lbs","Der.","DFC","16","N/A","€2K","€500K","€1.1M","1","No","47"
"83457","Alvaro Güich","https://sofifa.com/player/83457/alvaro-guich/270002/","https://cdn.sofifa.net/players/083/457/27_120.png","DFC/LD","Argentina","Rosario Central","110580","2026","2027","17","58","77","2009","189cm 6'2""","82kg 181lbs","Izq.","DFC","19","N/A","€1K","€475K","€1M","1","No","36"
"87909","Alan Alcaraz","https://sofifa.com/player/87909/alan-alcaraz/270002/","https://cdn.sofifa.net/players/087/909/27_120.png","MC/MCD","Argentina/Paraguay","Argentinos Juniors","111019","2026","2027","16","58","85","2009","177cm 5'10""","67kg 148lbs","Der.","SD","27","N/A","€1K","€800K","€2M","1","No","35"
"84510","Felipe Anso","https://sofifa.com/player/84510/felipe-anso/270002/","https://cdn.sofifa.net/players/084/510/27_120.png","MI/MD/MC/EI","Argentina","CA Aldosivi","111707","2026","2029","19","58","75","2007","183cm 6'0""","75kg 165lbs","Der.","MI","17","N/A","€1K","€525K","€1.1M","1","No","24"
"87925","Tomás Jung","https://sofifa.com/player/87925/tomas-jung/270002/","https://cdn.sofifa.net/players/087/925/27_120.png","DFC","Argentina","Atlético Tucumán","111708","2026","2028","21","58","70","2005","186cm 6'1""","78kg 172lbs","Izq.","DFC","12","N/A","€1K","€475K","€808K","1","No","4"
"81618","Demián Domínguez","https://sofifa.com/player/81618/demian-dominguez/270002/","https://cdn.sofifa.net/players/081/618/27_120.png","LI","Argentina","Defensa y Justicia","111710","","","20","58","76","2006","179cm 5'10""","68kg 150lbs","Izq.","LI","18","31 dic. 2027","€2K","€525K","€0","1","No","30"
"83313","Nazareno Roselli","https://sofifa.com/player/83313/nazareno-roselli/270002/","https://cdn.sofifa.net/players/083/313/27_120.png","DFC","Argentina","Defensa y Justicia","111710","2025","2028","19","58","71","2006","184cm 6'0""","77kg 170lbs","Der.","DFC","13","N/A","€2K","€450K","€956K","1","No","32"
"87947","Tomás Uribe","https://sofifa.com/player/87947/tomas-uribe/270002/","https://cdn.sofifa.net/players/087/947/27_120.png","EI/ED/MI","Argentina","Huracán","111711","2026","2030","19","58","75","2007","175cm 5'9""","75kg 165lbs","Der.","EI","17","N/A","€2K","€525K","€1.1M","1","No","49"
"80714","Lautaro Mora","https://sofifa.com/player/80714/lautaro-mora/270002/","https://cdn.sofifa.net/players/080/714/27_120.png","MCD/MC/MD","Argentina","Huracán","111711","2025","2027","21","58+2","67+2","2005","183cm 6'0""","73kg 161lbs","Der.","MCD","9","N/A","€2K","€425K","€723K","1","No","41"
"278440","Nazareno Durán","https://sofifa.com/player/278440/nazareno-duran/270002/","https://cdn.sofifa.net/players/278/440/27_120.png","POR","Argentina","Huracán","111711","2023","2027","22","58","70","2004","189cm 6'2""","82kg 181lbs","Der.","POR","12","N/A","€1K","€450K","€765K","1","No","27"
"73843","Luka Fuster","https://sofifa.com/player/73843/luka-fuster/270002/","https://cdn.sofifa.net/players/073/843/27_120.png","POR","Argentina","Tigre","111715","2026","2026","19","58","72","2006","183cm 6'0""","86kg 190lbs","Der.","POR","14","N/A","€600","€425K","€903K","1","No","1"
"76074","Emilio Giaccone","https://sofifa.com/player/76074/emilio-giaccone/270002/","https://cdn.sofifa.net/players/076/074/27_120.png","MC/MCD","Argentina/Italia","Club Atlético Unión","111716","2026","2027","21","58","73","2005","187cm 6'2""","78kg 172lbs","Der.","MC","15","N/A","€1K","€500K","€1.1M","1","No","8"
"75583","Santino Barbi","https://sofifa.com/player/75583/santino-barbi/270002/","https://cdn.sofifa.net/players/075/583/27_120.png","POR","Argentina","Talleres","112670","2026","2026","21","58","69","2005","191cm 6'3""","81kg 179lbs","Der.","POR","11","N/A","€800","€400K","€680K","1","No","1"
"83461","Lautaro Ortiz","https://sofifa.com/player/83461/lautaro-ortiz/270002/","https://cdn.sofifa.net/players/083/461/27_120.png","MC/MCD","Argentina","Talleres","112670","2026","2027","18","58","78","2008","173cm 5'8""","75kg 165lbs","Der.","MC","20","N/A","€1K","€550K","€1.4M","1","No","39"
"78267","Celías Ingenthron","https://sofifa.com/player/78267/celias-ingenthron/270002/","https://cdn.sofifa.net/players/078/267/27_120.png","LI","Argentina","Platense","112689","2024","2027","18","58","74","2008","175cm 5'9""","68kg 150lbs","Izq.","LI","16","N/A","€1K","€500K","€1.1M","1","No","38"
"77347","Juan Pablo Insúa","https://sofifa.com/player/77347/juan-pablo-insua/270002/","https://cdn.sofifa.net/players/077/347/27_120.png","POR","Argentina","Barracas Central","113044","2026","2027","21","58+2","72+2","2005","188cm 6'2""","72kg 159lbs","Der.","POR","14","N/A","€700","€450K","€956K","1","No","38"
"71453","Julián Ceballos","https://sofifa.com/player/71453/julian-ceballos/270002/","https://cdn.sofifa.net/players/071/453/27_120.png","MD/MCO/MI/LD","Argentina","Gimnasia y Esgrima de Mendoza","113050","2024","2028","21","58","72","2004","163cm 5'4""","61kg 134lbs","Izq.","MD","14","N/A","€1K","€500K","€1M","1","No","19"
"85302","Benjamín Pérez","https://sofifa.com/player/85302/benjamin-perez/270002/","https://cdn.sofifa.net/players/085/302/27_120.png","MCO/MC","Argentina","Deportivo Riestra","115472","2026","2026","20","58","72","2006","178cm 5'10""","72kg 159lbs","Der.","MCO","14","N/A","€2K","€500K","€1M","1","No","18"
"88061","Ignacio Zaballa","https://sofifa.com/player/88061/ignacio-zaballa/270002/","https://cdn.sofifa.net/players/088/061/27_120.png","MCD/MC","Argentina/Italia","San Lorenzo de Almagro","1013","2026","2029","20","57","67","2006","170cm 5'7""","65kg 143lbs","Izq.","MCD","10","N/A","€2K","€350K","€595K","1","No","45"
"80519","Franco Domínguez","https://sofifa.com/player/80519/franco-dominguez/270002/","https://cdn.sofifa.net/players/080/519/27_120.png","DC/EI","Argentina","Estudiantes de La Plata","101083","2026","2026","18","57","75","2007","182cm 6'0""","78kg 172lbs","Izq.","DC","18","N/A","€2K","€425K","€903K","1","No","23"
"84323","Ezequiel Pérez","https://sofifa.com/player/84323/ezequiel-perez/270002/","https://cdn.sofifa.net/players/084/323/27_120.png","MCO/ED/EI/MC","Argentina","Racing Club","101085","2026","2028","18","57","77","2008","165cm 5'5""","57kg 126lbs","Izq.","MCO","20","N/A","€2K","€450K","€1.1M","1","No","45"
"87521","Ulises Piedrabuena","https://sofifa.com/player/87521/ulises-piedrabuena/270002/","https://cdn.sofifa.net/players/087/521/27_120.png","DFC","Argentina","Vélez Sarsfield","101088","2026","2029","18","57","76","2008","185cm 6'1""","75kg 165lbs","Der.","DFC","19","N/A","€1K","€400K","€850K","1","No","46"
"84596","Felipe Tempone","https://sofifa.com/player/84596/felipe-tempone/270002/","https://cdn.sofifa.net/players/084/596/27_120.png","DC","Argentina","Independiente","110093","2025","2027","20","57","68","2006","180cm 5'11""","71kg 157lbs","Der.","DC","11","N/A","€2K","€375K","€638K","1","No","34"
"78383","Thiago Laplace","https://sofifa.com/player/78383/thiago-laplace/270002/","https://cdn.sofifa.net/players/078/383/27_120.png","MC/MCD","Argentina","Lanús","110395","2026","2026","20","57","72","2006","178cm 5'10""","73kg 161lbs","Der.","MCD","15","N/A","€2K","€400K","€850K","1","No","39"
"83350","Santiago Cena","https://sofifa.com/player/83350/santiago-cena/270002/","https://cdn.sofifa.net/players/083/350/27_120.png","DFC","Argentina","Independiente Rivadavia","111020","2026","2026","21","57","66","2005","186cm 6'1""","79kg 174lbs","Der.","DFC","9","N/A","€2K","€350K","€595K","1","No","6"
"77859","Álvaro Ocampo","https://sofifa.com/player/77859/alvaro-ocampo/270002/","https://cdn.sofifa.net/players/077/859/27_120.png","DFC","Argentina","Belgrano de Córdoba","111022","2026","2028","21","57","69","2004","186cm 6'1""","82kg 181lbs","Izq.","DFC","12","N/A","€2K","€375K","€638K","1","No","13"
"87892","Mateo Sebastián Vales","https://sofifa.com/player/87892/mateo-sebastian-vales/270002/","https://cdn.sofifa.net/players/087/892/27_120.png","LI/MI","Argentina","CA Aldosivi","111707","2026","2027","19","57","71","2007","178cm 5'10""","68kg 150lbs","Izq.","LI","14","N/A","€1K","€375K","€797K","1","No","38"
"80093","Ezequiel Godoy","https://sofifa.com/player/80093/ezequiel-godoy/270002/","https://cdn.sofifa.net/players/080/093/27_120.png","MCO/MC","Argentina","Atlético Tucumán","111708","2025","2027","22","57","71","2003","172cm 5'8""","64kg 141lbs","Izq.","MCO","14","N/A","€2K","€400K","€850K","1","No","37"
"82212","Leonel Vega","https://sofifa.com/player/82212/leonel-vega/270002/","https://cdn.sofifa.net/players/082/212/27_120.png","MCD/MC","Argentina","Atlético Tucumán","111708","2025","2026","22","57+2","69+6","2004","176cm 5'9""","67kg 148lbs","Der.","MCD","12","N/A","€2K","€375K","€638K","1","No","19"
"83593","Facundo Alaggia","https://sofifa.com/player/83593/facundo-alaggia/270002/","https://cdn.sofifa.net/players/083/593/27_120.png","MCO/MC","Argentina","Club Atlético Sarmiento","112713","2026","2026","21","57","67","2005","177cm 5'10""","68kg 150lbs","Der.","MCO","10","N/A","€2K","€375K","€619K","1","No","35"
"83278","Tomás Lavezzi","https://sofifa.com/player/83278/tomas-lavezzi/270002/","https://cdn.sofifa.net/players/083/278/27_120.png","MC/MCD","Argentina","Barracas Central","113044","2026","2026","20","57","67","2006","167cm 5'6""","64kg 141lbs","Der.","MC","10","N/A","€1K","€350K","€595K","1","No","36"
"71320","Gonzalo Escudero","https://sofifa.com/player/71320/gonzalo-escudero/270002/","https://cdn.sofifa.net/players/071/320/27_120.png","DFC","Argentina","Racing Club","101085","2023","2029","19","56","73","2007","180cm 5'11""","72kg 159lbs","Izq.","DFC","17","N/A","€2K","€350K","€744K","1","No","43"
"82130","Facundo Carrizo","https://sofifa.com/player/82130/facundo-carrizo/270002/","https://cdn.sofifa.net/players/082/130/27_120.png","MCO/MC","Argentina","Argentinos Juniors","111019","2025","2026","19","56","69","2007","178cm 5'10""","68kg 150lbs","Der.","MCO","13","N/A","€2K","€350K","€744K","1","No","5"
"88250","Martín Soto","https://sofifa.com/player/88250/martin-soto/270002/","https://cdn.sofifa.net/players/088/250/27_120.png","DC","Argentina","Huracán","111711","2026","2030","18","56","72","2007","183cm 6'0""","76kg 168lbs","Der.","DC","16","N/A","€2K","€375K","€797K","1","No","51"
"89264","Matías Satas","https://sofifa.com/player/89264/matias-satas/270002/","https://cdn.sofifa.net/players/089/264/27_120.png","LI/DFC","Argentina","Boca Juniors","1877","2026","2027","18","55","76","2008","184cm 6'0""","75kg 165lbs","Izq.","LI","21","N/A","€1K","€400K","€960K","1","No","46"
"74812","Valente Pierani","https://sofifa.com/player/74812/valente-pierani/270002/","https://cdn.sofifa.net/players/074/812/27_120.png","DFC","Argentina/Italia","Estudiantes de La Plata","101083","2025","2027","20","55","72","2006","188cm 6'2""","80kg 176lbs","Der.","DFC","17","N/A","€1K","€325K","€691K","1","No","35"
"77550","Benjamin Acosta","https://sofifa.com/player/77550/benjamin-acosta/270002/","https://cdn.sofifa.net/players/077/550/27_120.png","ED/MD","Argentina","Lanús","110395","2026","2026","20","55","70","2006","163cm 5'4""","60kg 132lbs","Der.","ED","15","N/A","€2K","€300K","€638K","1","No","38"
"78076","Facundo Sánchez","https://sofifa.com/player/78076/facundo-sanchez/270002/","https://cdn.sofifa.net/players/078/076/27_120.png","MC/MCD","Argentina","Lanús","110395","2026","2027","20","55","65","2005","180cm 5'11""","76kg 168lbs","Der.","DFC","10","N/A","€2K","€275K","€468K","1","No","27"
"85300","Augusto Fernández","https://sofifa.com/player/85300/augusto-fernandez/270002/","https://cdn.sofifa.net/players/085/300/27_120.png","DC","Argentina","CA Aldosivi","111707","2026","2027","20","55","72","2006","187cm 6'2""","77kg 170lbs","Der.","DC","17","N/A","€1K","€325K","€691K","1","No","31"
"81530","Carlos Abeldaño","https://sofifa.com/player/81530/carlos-abeldano/270002/","https://cdn.sofifa.net/players/081/530/27_120.png","DC","Argentina","Atlético Tucumán","111708","2026","2026","21","55","63","2005","180cm 5'11""","70kg 154lbs","Der.","DC","8","N/A","€1K","€275K","€468K","1","No","35"
"87574","Bruno Trey","https://sofifa.com/player/87574/bruno-trey/270002/","https://cdn.sofifa.net/players/087/574/27_120.png","MCD/DFC/MC","Argentina","Talleres","112670","2026","2027","20","55","65","2006","173cm 5'8""","77kg 170lbs","Der.","MCD","10","N/A","€1K","€250K","€425K","1","No","31"
"78185","Jhon Rentería","https://sofifa.com/player/78185/jhon-renteria/270002/","https://cdn.sofifa.net/players/078/185/27_120.png","MD/ED","Colombia","Club Atlético Sarmiento","112713","2025","2027","20","55","68","2005","180cm 5'11""","74kg 163lbs","Izq.","MD","13","N/A","€1K","€300K","€623K","1","No","10"
"82262","Alan Laprida","https://sofifa.com/player/82262/alan-laprida/270002/","https://cdn.sofifa.net/players/082/262/27_120.png","DC","Argentina","Central Cordoba SdE","112965","2026","2026","21","55","62","2004","177cm 5'10""","69kg 152lbs","Der.","DC","7","N/A","€1K","€250K","€413K","1","No","37"
"78382","Valentino Simoni","https://sofifa.com/player/78382/valentino-simoni/270002/","https://cdn.sofifa.net/players/078/382/27_120.png","DC","Argentina","Gimnasia y Esgrima de Mendoza","113050","2026","2026","22","55","63","2004","184cm 6'0""","75kg 165lbs","Der.","DC","8","N/A","€1K","€275K","€454K","1","No","35"
"83441","Diego Mondino","https://sofifa.com/player/83441/diego-mondino/270002/","https://cdn.sofifa.net/players/083/441/27_120.png","DFC","Argentina","Gimnasia y Esgrima de Mendoza","113050","2024","2026","31","55","60","1994","183cm 6'0""","78kg 172lbs","Der.","DFC","5","N/A","€2K","€130K","€198K","1","No","2"
"83358","Walter Núñez","https://sofifa.com/player/83358/walter-nunez/270002/","https://cdn.sofifa.net/players/083/358/27_120.png","MCO/MC","Argentina","Newell's Old Boys","110396","2026","2026","23","54","63","2003","177cm 5'10""","70kg 154lbs","Der.","MCO","9","N/A","€2K","€240K","€396K","1","No","33"
"71811","Matías Daniele","https://sofifa.com/player/71811/matias-daniele/270002/","https://cdn.sofifa.net/players/071/811/27_120.png","POR","Argentina","Belgrano de Córdoba","111022","2024","2027","22","54","65","2004","195cm 6'5""","85kg 187lbs","Der.","POR","11","N/A","€900","€210K","€357K","1","No","28"
"88244","Agustín Bono","https://sofifa.com/player/88244/agustin-bono/270002/","https://cdn.sofifa.net/players/088/244/27_120.png","ED/MD","Argentina","Belgrano de Córdoba","111022","2026","2030","18","54","73","2008","187cm 6'2""","81kg 179lbs","Der.","MD","19","N/A","€1K","€275K","€584K","1","No","58"
"87578","Thiago Baroni","https://sofifa.com/player/87578/thiago-baroni/270002/","https://cdn.sofifa.net/players/087/578/27_120.png","DFC/MCD","Argentina","Talleres","112670","2026","2027","19","54","63","2006","180cm 5'11""","75kg 165lbs","Der.","DFC","9","N/A","€1K","€220K","€374K","1","No","25"
"278463","Tiago Cravero","https://sofifa.com/player/278463/tiago-cravero/270002/","https://cdn.sofifa.net/players/278/463/27_120.png","MC/MCD","Argentina","Central Cordoba SdE","112965","","","23","54","62","2002","174cm 5'9""","67kg 148lbs","Der.","MCD","8","31 dic. 2026","€2K","€240K","€0","1","No","5"
"83440","Nahuel Barboza","https://sofifa.com/player/83440/nahuel-barboza/270002/","https://cdn.sofifa.net/players/083/440/27_120.png","MC/MCD","Argentina","Gimnasia y Esgrima de Mendoza","113050","2023","2026","26","54","56","1999","176cm 5'9""","73kg 161lbs","Der.","MD","2","N/A","€2K","€130K","€198K","1","No","5"
"83444","Luciano Paredes","https://sofifa.com/player/83444/luciano-paredes/270002/","https://cdn.sofifa.net/players/083/444/27_120.png","LD","Argentina","Gimnasia y Esgrima de Mendoza","113050","2026","2026","23","54","59","2002","188cm 6'2""","76kg 168lbs","Der.","LD","5","N/A","€1K","€150K","€229K","1","No","32"
"77862","Francisco Scarpeccio","https://sofifa.com/player/77862/francisco-scarpeccio/270002/","https://cdn.sofifa.net/players/077/862/27_120.png","DC","Argentina","Newell's Old Boys","110396","2026","2026","20","53","70","2006","187cm 6'2""","72kg 159lbs","Der.","DC","17","N/A","€1K","€250K","€519K","1","No","36"
"88243","Marcos Ortiz","https://sofifa.com/player/88243/marcos-ortiz/270002/","https://cdn.sofifa.net/players/088/243/27_120.png","MC/MCO/MCD","Argentina","Belgrano de Córdoba","111022","2026","2028","17","53","73","2009","182cm 6'0""","80kg 176lbs","Der.","MD","20","N/A","€1K","€250K","€625K","1","No","29"
"77001","Facundo Quintana","https://sofifa.com/player/77001/facundo-quintana/270002/","https://cdn.sofifa.net/players/077/001/27_120.png","POR","Argentina","Defensa y Justicia","111710","2026","2029","20","53","68","2006","183cm 6'0""","75kg 165lbs","Der.","POR","15","N/A","€650","€200K","€425K","1","No","12"
"83793","Valentín Loza","https://sofifa.com/player/83793/valentin-loza/270002/","https://cdn.sofifa.net/players/083/793/27_120.png","DFC","Argentina","Defensa y Justicia","111710","2026","2027","19","53","70","2007","184cm 6'0""","72kg 159lbs","Der.","DFC","17","N/A","€1K","€230K","€489K","1","No","28"
"87579","Gonzalo Nuccio","https://sofifa.com/player/87579/gonzalo-nuccio/270002/","https://cdn.sofifa.net/players/087/579/27_120.png","DFC","Argentina","Talleres","112670","2026","2027","19","53","68","2007","175cm 5'9""","73kg 161lbs","Der.","DFC","15","N/A","€1K","€210K","€446K","1","No","35"
"83787","Agustín Griguol","https://sofifa.com/player/83787/agustin-griguol/270002/","https://cdn.sofifa.net/players/083/787/27_120.png","DFC","Argentina","Belgrano de Córdoba","111022","2026","2027","18","52","71","2008","185cm 6'1""","68kg 150lbs","Der.","DFC","19","N/A","€1K","€190K","€404K","1","No","4"
"74810","Mateo Aguiar","https://sofifa.com/player/74810/mateo-aguiar/270002/","https://cdn.sofifa.net/players/074/810/27_120.png","MCO/MI/MC","Argentina","Defensa y Justicia","111710","2025","2028","19","52","72","2007","168cm 5'6""","64kg 141lbs","Der.","MCO","20","N/A","€1K","€220K","€550K","1","No","23"
"84590","Alan Coria","https://sofifa.com/player/84590/alan-coria/270002/","https://cdn.sofifa.net/players/084/590/27_120.png","EI/MCO/MI/MC","Argentina","Defensa y Justicia","111710","2026","2026","19","52","66","2007","165cm 5'5""","64kg 141lbs","Der.","EI","14","N/A","€1K","€190K","€404K","1","No","31"
"81747","Misael Aguirre","https://sofifa.com/player/81747/misael-aguirre/270002/","https://cdn.sofifa.net/players/081/747/27_120.png","DC","Argentina","Club Atlético Unión","111716","2026","2026","18","52","71","2007","172cm 5'8""","68kg 150lbs","Der.","DC","19","N/A","€1K","€200K","€425K","1","No","31"
"87573","Franco Yennerich","https://sofifa.com/player/87573/franco-yennerich/270002/","https://cdn.sofifa.net/players/087/573/27_120.png","POR","Argentina","Talleres","112670","2026","2030","19","52","68","2006","185cm 6'1""","76kg 168lbs","Der.","POR","16","N/A","€550","€180K","€383K","1","No","40"
"246868","Nicolás Sumavil","https://sofifa.com/player/246868/nicolas-sumavil/270002/","https://cdn.sofifa.net/players/246/868/27_120.png","POR","Argentina","Platense","112689","2024","2026","26","52","54","1999","185cm 6'1""","85kg 187lbs","Der.","POR","2","N/A","€1K","€70K","€110K","1","No","22"
"83442","Matías Recalde","https://sofifa.com/player/83442/matias-recalde/270002/","https://cdn.sofifa.net/players/083/442/27_120.png","LI","Argentina","Gimnasia y Esgrima de Mendoza","113050","2023","2026","28","52","52","1997","177cm 5'10""","71kg 157lbs","Izq.","LI","0","N/A","€2K","€70K","€102K","1","No","3"
"83443","Lautaro Petruchi","https://sofifa.com/player/83443/lautaro-petruchi/270002/","https://cdn.sofifa.net/players/083/443/27_120.png","POR","Argentina","Gimnasia y Esgrima de Mendoza","113050","2026","2026","27","52","55","1998","184cm 6'0""","73kg 161lbs","Der.","POR","3","N/A","€950","€80K","€122K","1","No","31"
"81695","Santiago Grella","https://sofifa.com/player/81695/santiago-grella/270002/","https://cdn.sofifa.net/players/081/695/27_120.png","MCO/MC","Argentina","Club Atlético Unión","111716","2026","2026","21","51","62","2005","170cm 5'7""","67kg 148lbs","Der.","MCO","11","N/A","€1K","€130K","€221K","1","No","46"
"77965","Timoteo Chamorro","https://sofifa.com/player/77965/timoteo-chamorro/270002/","https://cdn.sofifa.net/players/077/965/27_120.png","LD/MD","Argentina","Talleres","112670","2024","2028","20","51","66","2006","172cm 5'8""","68kg 150lbs","Der.","LD","15","N/A","€1K","€130K","€276K","1","No","2"
"78171","Emiliano Chiavassa","https://sofifa.com/player/78171/emiliano-chiavassa/270002/","https://cdn.sofifa.net/players/078/171/27_120.png","ED/MD","Argentina","Talleres","112670","2026","2026","20","50","65","2006","169cm 5'7""","63kg 139lbs","Izq.","ED","15","N/A","€1K","€110K","€234K","1","No","36"